Creditability,Account.Balance,Duration.of.Credit..month.,Payment.Status.of.Previous.Credit,Purpose,Credit.Amount,Value.Savings.Stocks,Length.of.current.employment,Instalment per cent,Sex...Marital.Status,Guarantors,Duration in Current address,Most.valuable.available.asset,Age..years.,Concurrent.Credits,Type.of.apartment,No of Credits at this Bank,Occupation,No of dependents,Telephone,Foreign Worker
1,4,36,4,2,1816,5,5,4,3,1,2,3,44,3,2,1,3,1,2,1
0,4,60,4,2,3565,1,5,4,1,1,4,4,23,3,2,1,3,1,1,1
1,4,12,3,1,3562,1,3,1,3,1,2,3,23,1,2,1,3,1,2,1
0,1,24,2,9,6691,1,1,1,3,3,3,3,23,3,3,1,2,1,1,1
0,1,42,2,9,2895,2,4,4,3,1,4,3,35,3,2,2,2,1,2,1
1,3,9,2,0,2210,5,3,3,3,1,4,3,34,3,2,1,3,1,2,1
1,3,12,2,2,2216,5,3,3,2,1,2,1,30,3,2,1,3,1,1,1
1,4,18,2,2,1048,3,4,4,3,1,4,2,32,3,2,1,3,1,1,1
1,1,24,2,3,1449,1,3,3,2,1,2,1,26,3,1,1,3,1,1,1
0,2,18,2,6,1446,5,5,4,2,1,4,2,35,3,1,1,4,1,2,1
1,4,10,4,9,2710,1,3,1,3,1,2,3,28,1,2,2,3,1,2,1
1,4,6,3,6,624,2,5,4,3,1,4,2,25,3,2,1,2,1,1,1
0,2,24,2,3,2174,1,5,3,3,3,4,1,55,1,2,1,4,1,2,2
1,2,9,4,10,689,1,5,2,3,1,4,1,63,3,2,2,2,1,1,1
1,4,21,4,3,3944,5,5,2,2,1,2,3,24,3,1,1,4,1,2,1
0,2,24,4,3,3192,2,4,4,3,1,4,4,36,3,2,1,4,2,2,1
1,2,9,2,0,364,1,2,2,4,1,4,1,54,3,2,2,1,1,1,1
1,1,12,1,2,256,5,4,4,3,1,4,3,42,3,2,1,2,1,1,1
0,2,47,2,8,3600,1,4,4,3,3,2,3,54,3,2,1,3,1,2,1
1,4,12,4,2,4903,5,3,1,3,1,4,1,43,3,2,1,3,1,2,1
1,2,24,0,2,2405,4,2,4,3,3,4,2,29,3,2,1,4,1,2,1
1,4,15,3,1,3972,1,4,4,3,1,4,1,32,3,1,1,4,1,1,1
1,4,30,2,1,4813,5,1,4,1,1,3,1,21,3,1,2,3,2,1,1
0,3,6,2,0,717,1,5,4,2,3,4,4,44,3,2,1,3,1,2,1
1,2,24,2,2,3832,2,3,2,2,1,4,3,42,3,2,1,3,1,2,1
0,4,36,2,9,3177,2,4,4,2,1,2,4,58,3,2,1,3,1,2,1
1,1,24,4,6,6953,1,5,2,3,1,4,1,46,3,2,2,4,1,2,1
1,2,30,4,0,3560,5,4,3,2,1,4,3,61,3,2,2,3,2,2,1
1,4,24,3,0,3741,1,5,4,3,2,4,3,26,3,2,2,3,2,2,1
1,1,12,2,2,627,1,4,4,2,2,2,2,36,3,1,2,3,1,1,1
0,2,30,2,1,5961,1,5,3,2,1,4,3,45,3,2,1,3,1,2,1
1,4,10,4,5,2426,2,4,1,2,1,4,2,28,3,1,2,3,1,2,1
1,4,24,2,0,1881,5,5,4,3,1,4,1,31,3,2,1,3,1,1,1
0,1,12,2,1,1465,1,2,1,3,1,2,3,24,3,2,1,3,1,1,1
1,1,30,2,3,4761,5,3,4,1,1,4,4,32,3,3,1,3,1,2,1
1,2,6,4,2,695,5,3,4,4,1,2,1,28,3,1,2,3,1,2,1
0,2,24,4,3,2384,1,4,2,3,1,3,1,25,3,1,4,3,1,1,1
0,2,12,2,3,998,1,3,2,2,1,2,1,36,3,2,2,1,2,1,1
1,2,15,4,2,2145,1,3,1,3,1,3,4,41,3,2,2,3,2,2,1
1,4,12,4,3,1513,2,2,1,3,1,4,1,26,3,2,2,2,1,1,1
0,1,36,2,2,2747,1,5,2,3,1,4,2,26,3,2,2,2,1,1,1
1,4,15,2,0,7622,1,3,2,2,1,2,1,33,3,1,1,3,2,1,1
1,2,12,2,3,2113,1,2,1,3,2,1,2,24,3,2,1,3,1,1,1
1,4,36,2,3,1581,1,3,4,3,1,2,1,23,3,1,1,4,1,1,2
0,1,15,3,3,2708,1,3,1,3,3,2,2,43,3,2,1,3,1,1,1
1,4,12,4,2,1103,5,3,4,2,1,1,1,34,1,2,1,4,1,2,1
0,1,12,2,0,951,1,2,4,3,1,3,3,26,3,2,1,2,2,1,1
1,2,12,3,1,1669,1,2,2,3,1,1,3,22,3,2,1,3,1,2,1
1,1,15,2,3,1344,1,4,4,3,1,4,3,36,3,3,1,3,1,1,1
1,2,6,4,0,944,1,2,4,2,1,2,1,25,3,2,2,3,1,1,1
1,1,24,2,2,2625,5,4,2,3,1,1,3,40,1,2,1,3,2,1,1
1,4,12,2,3,2607,1,4,4,4,1,4,3,63,3,3,2,3,1,2,1
1,4,9,3,3,1530,5,4,2,2,1,3,3,35,3,2,1,3,1,2,1
1,2,29,2,0,14706,2,2,3,1,1,4,2,31,3,2,1,3,1,1,1
1,1,15,2,2,2325,2,4,4,1,1,4,3,47,3,2,1,3,2,1,1
1,2,24,2,4,1393,1,5,3,3,1,4,2,40,3,2,2,2,2,2,1
1,4,30,4,2,12369,1,5,2,3,1,4,3,42,3,2,2,3,2,2,1
0,1,15,2,2,976,5,4,4,2,3,2,2,34,1,2,2,3,1,1,1
0,1,14,2,2,1530,1,3,2,2,1,3,2,29,3,2,1,3,1,1,1
1,4,9,2,2,2335,5,5,1,3,1,2,2,36,3,1,1,3,1,2,1
1,4,10,4,3,1515,5,5,4,4,1,3,2,39,3,2,2,4,1,2,1
0,1,10,4,1,1409,5,1,3,2,1,2,1,31,3,2,2,2,1,1,1
1,4,18,4,0,3398,1,3,4,3,1,4,1,23,3,2,1,3,1,2,1
1,2,24,2,0,1955,2,2,4,3,1,1,3,32,3,2,1,3,1,2,1
1,4,12,4,3,4592,1,5,1,3,1,4,4,63,3,2,2,4,1,2,1
1,4,24,1,3,8050,1,4,4,2,1,4,4,37,1,2,2,3,2,2,1
0,2,12,4,9,1604,5,3,4,3,1,4,1,35,3,1,1,3,1,2,1
1,3,36,4,3,2252,1,5,4,4,1,2,1,32,3,2,2,3,1,1,1
0,3,30,2,9,1546,1,4,4,3,1,4,3,42,3,3,1,2,1,1,1
0,1,15,1,2,6468,1,3,3,1,1,4,3,46,2,2,1,4,1,2,1
1,4,18,2,1,3190,1,2,2,3,1,4,3,23,3,2,1,3,1,1,1
1,4,12,2,1,2602,5,5,1,2,1,4,2,46,3,2,1,3,1,1,1
1,2,48,4,3,2856,3,5,4,2,1,4,3,27,3,1,2,3,1,2,1
0,1,12,2,9,2686,1,2,2,2,1,1,1,45,3,2,2,3,1,1,1
1,4,24,4,2,1082,3,4,4,3,1,2,3,35,3,3,2,3,2,2,1
1,3,11,2,2,1360,1,4,1,3,2,4,3,38,1,3,1,2,1,1,1
1,4,18,4,3,1945,5,5,4,2,1,4,1,47,3,2,2,3,1,2,1
1,4,9,0,9,1270,1,3,2,2,1,2,3,30,3,2,1,4,1,2,1
1,4,24,4,1,2040,3,4,4,2,1,3,2,54,3,2,1,3,1,1,1
1,4,15,2,2,2219,5,5,4,3,1,3,1,56,3,3,1,3,1,1,1
1,4,12,2,0,3834,3,5,2,3,1,2,2,34,3,2,1,3,1,1,1
0,4,6,2,2,3148,1,2,1,2,1,1,1,57,3,2,2,3,1,2,1
0,1,6,0,6,1051,1,1,1,2,1,2,3,22,1,2,1,2,1,1,1
1,4,30,2,6,1502,1,3,4,3,2,3,1,36,1,1,1,3,1,2,1
1,2,10,2,3,1522,1,4,2,2,1,4,3,23,3,2,1,3,2,1,1
0,1,18,4,0,1478,1,3,3,3,1,4,1,24,3,2,2,3,1,1,1
1,2,12,1,0,2170,1,3,4,3,1,2,4,43,3,2,1,4,1,1,1
0,1,45,3,0,4559,1,4,4,3,1,2,3,46,3,2,2,4,1,1,1
1,4,10,2,0,2185,2,3,2,2,1,1,2,43,3,1,2,3,1,1,1
0,2,24,2,3,3620,1,1,4,2,1,1,1,25,3,1,1,3,1,2,1
1,2,15,2,3,1102,1,4,4,3,1,4,1,66,3,2,1,3,1,1,1
1,2,15,2,0,2302,1,1,1,2,1,1,1,23,1,2,2,4,1,2,1
1,2,24,2,1,14799,1,3,1,2,1,2,4,34,3,2,1,3,1,2,1
1,1,9,4,9,1240,1,4,4,3,1,4,3,35,3,2,1,3,1,2,1
0,2,12,2,0,2141,4,3,1,3,1,4,1,25,3,1,1,3,2,1,1
1,4,24,4,3,3419,1,5,3,3,1,4,4,39,3,2,4,3,1,2,1
1,1,7,4,3,2402,1,3,2,2,1,4,2,39,2,2,1,3,1,1,1
0,4,24,2,3,5413,3,3,3,2,1,2,1,26,2,1,1,3,1,2,1
1,1,30,3,3,1963,5,5,1,4,1,4,2,31,1,2,2,3,1,2,1
0,1,18,3,9,957,1,2,4,2,1,4,1,36,3,2,1,3,1,1,1
0,4,12,2,0,1904,1,4,4,2,1,2,2,50,3,2,2,3,1,1,1
1,1,48,2,3,6883,1,1,1,3,1,2,3,21,3,1,1,4,1,2,1
1,1,24,2,3,3621,1,4,3,2,1,2,1,36,3,2,1,3,1,2,1
0,1,36,2,2,6206,1,1,4,3,1,2,3,23,3,2,1,3,1,2,1
1,2,24,4,2,5151,5,3,2,3,1,4,2,37,3,2,4,3,1,1,1
0,1,9,2,9,917,1,4,2,4,1,2,1,41,2,2,1,2,1,1,1
1,4,18,2,0,1978,5,5,3,3,1,4,2,39,3,2,1,3,1,2,1
0,1,12,1,9,1739,1,3,4,4,1,4,3,40,3,2,1,3,2,1,1
0,2,36,2,0,11162,1,1,3,2,1,2,1,23,3,2,1,4,1,1,1
0,1,36,2,0,4282,1,4,2,2,1,3,2,23,3,2,1,3,1,1,1
0,2,18,3,0,1728,1,5,4,4,1,4,3,37,3,2,3,3,1,1,1
1,4,24,2,6,4065,1,1,1,3,1,2,1,28,3,2,1,2,1,1,1
1,2,27,4,2,1992,1,3,4,1,1,4,2,65,3,2,2,3,1,2,1
1,2,12,4,2,762,4,1,4,2,1,1,2,37,3,1,2,2,2,1,1
0,1,24,2,9,893,1,2,2,3,1,3,2,25,3,2,2,4,1,2,1
1,3,8,4,0,1055,2,5,2,2,3,4,3,47,3,2,2,3,1,1,1
0,4,12,4,1,1262,1,5,4,4,1,4,2,64,3,2,1,3,1,2,1
1,1,21,2,0,2055,1,3,4,3,1,4,2,49,3,2,2,3,1,2,1
1,4,6,2,0,1806,1,4,2,3,1,1,3,25,1,1,1,2,1,1,1
1,2,15,2,3,1345,3,2,1,2,1,2,3,23,1,2,1,2,1,1,1
1,4,12,2,3,2278,1,1,2,3,1,1,3,36,3,2,1,3,1,1,1
1,3,18,2,0,10081,1,1,1,3,1,4,2,22,3,1,2,3,1,2,1
1,1,36,2,5,4677,1,4,3,3,1,4,2,22,3,2,1,3,1,2,1
1,2,4,3,6,389,1,4,1,3,1,4,1,63,3,2,1,1,1,1,1
0,1,48,3,3,11524,5,3,2,3,1,4,3,35,1,1,2,3,1,1,1
0,1,12,1,1,5386,1,2,2,3,1,3,2,29,3,2,1,3,2,1,1
1,4,6,2,0,613,1,4,4,4,1,3,1,24,3,1,1,3,1,1,1
0,1,12,3,2,2393,3,2,1,3,1,2,1,23,3,2,2,1,1,1,1
0,4,39,4,0,5342,1,5,3,3,1,4,4,65,3,2,4,3,1,2,1
1,4,18,4,3,2779,5,2,4,3,1,2,1,43,3,2,2,2,1,2,1
1,1,24,4,0,4658,2,4,4,3,1,4,4,48,3,2,1,4,1,1,1
1,1,36,1,0,2864,3,4,1,3,1,2,3,33,1,2,1,3,1,2,1
1,4,12,2,3,2717,1,2,3,3,1,1,1,44,1,1,1,3,1,1,1
0,2,12,3,0,2963,1,3,2,4,1,3,3,41,3,2,2,4,1,2,1
1,2,15,2,3,6088,1,5,2,3,1,2,1,40,3,2,1,3,1,1,1
1,4,24,2,2,3147,5,5,2,3,1,2,2,24,3,2,1,3,1,2,1
0,4,9,2,3,1300,5,2,2,3,1,4,3,26,3,2,1,3,1,2,1
1,2,8,3,2,669,1,3,4,2,1,2,2,34,3,2,2,2,1,1,1
1,2,18,2,3,2995,1,4,2,2,1,3,1,35,3,2,1,2,1,2,1
1,2,12,2,9,609,1,3,4,3,1,4,1,28,1,1,1,1,1,2,1
1,4,42,1,2,2462,1,2,3,2,1,4,4,21,3,3,1,3,1,1,1
1,4,18,2,1,2319,1,1,1,2,1,4,1,52,3,2,1,2,1,1,2
0,3,18,4,2,1457,1,2,4,3,1,3,1,28,3,2,2,3,1,1,1
1,4,12,2,0,1108,5,3,4,3,1,4,3,28,3,2,1,3,1,2,1
1,4,36,4,0,6199,5,4,2,1,1,4,3,32,3,1,2,3,1,1,1
1,4,15,2,0,3446,1,3,2,2,1,2,3,27,3,1,1,4,1,1,1
1,1,6,2,3,717,5,3,2,3,1,3,1,34,3,2,2,3,1,1,1
0,1,18,1,3,1276,1,3,4,1,1,2,1,30,2,2,1,3,1,1,1
1,3,18,4,3,2579,3,2,2,3,1,2,3,30,3,2,2,2,1,2,1
1,4,10,4,9,1671,5,3,4,3,3,4,3,53,3,2,2,4,1,2,1
0,2,36,2,5,10266,5,4,4,2,1,4,4,66,3,3,3,4,1,2,1
1,2,24,4,0,8649,1,5,2,2,1,4,3,33,3,2,2,3,1,1,1
1,2,15,2,2,1880,1,4,2,2,1,4,2,27,3,2,1,3,1,2,1
1,4,6,4,0,841,3,3,4,3,1,4,1,60,3,1,1,3,1,2,1
0,4,30,4,3,2862,5,3,4,2,1,2,1,28,3,2,2,3,1,1,1
1,4,12,2,3,415,2,5,4,3,1,2,1,27,1,1,1,2,1,1,1
0,2,12,2,1,624,1,3,4,4,1,1,1,27,2,2,2,3,1,1,1
1,4,12,2,4,2577,5,3,3,2,1,2,3,23,3,2,1,3,1,2,1
0,4,30,1,2,2397,1,5,4,4,1,2,4,41,3,2,1,3,1,1,1
0,4,15,2,9,794,3,3,4,3,1,4,4,39,3,2,1,3,1,2,1
1,2,21,2,3,3907,1,2,4,2,1,2,3,63,3,2,1,3,1,1,1
0,4,18,2,3,2385,5,3,4,2,1,4,1,40,3,2,2,3,1,1,1
0,2,12,3,0,1284,2,3,4,2,1,1,4,35,3,3,1,2,1,1,1
1,4,18,2,2,1922,1,3,3,4,1,4,1,58,3,3,1,3,2,2,1
1,2,12,2,5,2507,5,2,2,2,1,3,1,20,3,1,1,3,1,2,1
0,4,36,1,9,1371,4,4,4,3,3,4,1,27,3,1,1,3,2,1,1
1,3,18,0,3,1597,5,2,4,2,2,2,4,31,3,2,1,3,1,2,1
1,2,54,2,1,11579,1,4,3,3,1,3,4,33,3,3,1,3,1,2,1
1,2,12,2,8,6543,1,5,1,2,1,4,2,25,1,2,1,3,1,2,1
0,4,24,2,1,1120,2,3,4,4,1,1,3,26,3,2,1,3,1,1,1
1,4,11,4,2,1504,1,5,4,3,1,2,1,30,1,1,2,3,1,2,1
1,4,6,2,5,445,1,2,4,3,1,4,2,22,3,1,1,2,1,1,1
1,4,18,4,0,1436,2,1,2,3,1,1,1,32,3,1,1,2,1,1,1
1,4,24,4,0,6761,1,3,3,2,1,4,1,24,3,1,2,3,1,1,1
1,1,30,2,2,3517,3,3,1,3,3,4,2,31,2,2,1,3,1,1,1
0,2,8,2,1,789,1,3,4,3,1,1,2,27,3,3,1,3,2,1,1
1,3,6,2,2,762,1,2,4,2,1,3,3,23,3,2,1,2,1,1,1
0,1,25,0,3,11328,1,5,1,3,1,2,3,41,1,3,1,3,2,2,1
1,4,18,2,3,5215,2,5,4,3,1,2,1,29,3,2,2,3,1,1,1
0,4,12,4,2,1402,3,4,3,2,1,4,2,36,3,2,2,3,1,2,1
1,4,12,2,1,2278,1,3,3,1,1,3,4,30,3,3,1,4,1,2,1
1,2,6,4,2,930,1,5,2,2,1,4,3,51,3,2,2,2,1,1,1
1,4,12,2,0,748,2,2,2,1,1,2,1,22,3,1,2,3,1,1,1
1,2,6,4,3,659,1,3,1,2,1,3,1,32,3,1,2,2,1,2,1
1,4,9,2,10,1863,5,3,2,3,1,4,1,35,3,2,1,3,1,2,1
1,2,6,3,2,1478,5,4,2,2,1,3,1,53,3,2,2,2,2,1,1
0,4,27,2,3,4450,1,2,2,3,1,1,1,27,3,2,1,3,1,1,1
1,4,48,1,0,9988,5,5,2,3,1,4,4,61,2,2,1,4,1,2,1
1,2,42,2,4,2671,1,2,4,3,1,2,2,28,3,2,1,2,1,2,1
1,2,12,4,1,2822,1,4,1,3,1,3,3,46,3,2,2,3,1,1,1
1,2,7,2,0,1187,1,2,4,3,1,2,1,26,3,1,1,4,1,1,1
1,4,12,2,6,1553,1,5,4,3,1,4,1,34,3,2,1,3,2,1,1
1,4,24,2,3,6614,1,1,2,3,1,4,4,29,3,3,1,2,1,1,1
0,2,18,3,9,1245,1,2,4,2,1,1,3,50,3,2,1,3,1,1,1
1,2,12,2,3,2114,1,4,1,2,1,4,4,27,3,2,2,3,1,1,1
0,3,24,2,0,3952,1,4,1,1,1,4,3,33,1,2,1,3,1,2,1
1,4,24,3,1,1114,5,3,4,3,1,1,3,31,3,3,2,3,1,2,1
1,4,18,4,3,3590,1,5,2,2,1,2,4,31,3,2,1,3,1,1,1
1,1,18,2,1,1999,5,4,4,3,1,4,2,37,3,2,1,2,2,1,1
0,1,30,1,0,2579,1,1,2,2,1,2,4,25,3,3,1,3,1,1,1
1,4,36,2,3,2921,1,5,3,3,1,4,2,67,3,2,2,1,1,2,1
1,2,30,2,0,1275,1,4,4,2,1,2,4,26,3,2,2,2,1,1,1
0,4,12,2,0,1597,1,4,4,3,1,2,4,32,3,3,1,3,1,1,1
1,4,24,4,3,6306,5,1,2,3,1,2,3,23,3,2,2,3,1,1,1
0,2,30,2,5,4152,5,3,2,3,1,2,1,46,1,2,2,3,2,2,1
0,2,24,2,3,1848,3,3,4,1,1,4,2,38,3,2,2,2,2,1,1
1,4,10,4,2,2235,2,2,3,2,1,2,1,25,3,1,2,3,1,1,1
1,4,18,4,1,3097,1,3,2,3,1,1,1,31,3,2,4,3,1,2,1
1,3,12,2,1,2333,1,5,4,3,1,3,3,48,3,2,2,3,2,1,1
0,1,24,2,5,4718,1,1,2,2,1,1,1,23,3,1,1,3,1,1,1
0,2,48,4,8,4678,1,5,4,2,1,4,3,44,3,1,3,3,1,1,1
0,2,36,1,9,5415,1,4,2,2,1,2,3,27,1,2,1,3,1,1,1
0,4,24,2,3,2008,1,3,3,2,1,3,2,35,3,2,1,3,1,1,1
1,1,12,2,0,2329,2,3,4,2,1,1,3,29,3,2,1,4,1,2,1
1,2,48,3,3,3563,1,5,3,2,1,4,3,26,3,2,2,4,1,1,1
1,4,24,4,2,5310,5,3,2,2,1,2,3,31,3,2,3,3,1,2,1
1,4,15,2,0,2579,1,4,4,3,1,3,1,35,3,2,1,3,1,2,2
1,2,12,4,1,2195,1,2,3,2,1,2,1,28,3,3,1,3,2,1,1
1,1,30,4,2,11464,2,5,3,3,1,2,4,59,3,3,2,3,2,2,1
1,2,12,2,3,2402,1,3,2,2,1,3,3,47,3,2,1,4,1,2,1
0,2,21,1,2,2952,4,4,2,3,1,2,1,25,3,2,1,3,1,1,1
0,2,18,4,2,1840,1,3,4,3,1,2,1,40,1,1,2,2,1,1,1
0,2,48,2,0,4112,1,5,2,2,1,4,2,25,3,2,1,3,1,1,1
1,4,18,4,0,2745,2,4,1,3,1,2,3,46,3,2,1,3,1,2,1
1,4,45,2,0,2439,5,5,4,3,1,4,4,34,2,3,1,3,1,1,1
1,4,24,4,6,3590,1,3,3,3,1,4,1,23,3,2,1,2,1,1,1
1,4,18,2,0,950,1,2,4,4,1,3,2,31,3,1,1,3,2,2,1
1,1,12,4,1,2405,2,5,2,3,1,4,1,52,3,2,2,3,2,1,1
1,4,12,4,2,2170,4,5,4,2,1,4,4,48,3,2,1,2,1,1,1
1,4,6,4,3,2328,3,4,3,3,1,1,4,49,3,3,1,3,1,2,1
1,2,12,3,3,1858,3,3,1,3,3,1,1,22,3,1,1,3,1,1,1
1,2,15,4,3,10449,1,4,2,3,1,1,4,38,1,3,1,4,1,2,1
0,1,24,2,2,2359,2,2,3,3,1,2,2,24,3,2,1,3,1,1,1
1,4,9,4,2,2629,1,5,1,3,1,4,1,35,3,1,1,3,1,2,1
0,3,12,2,3,3342,1,3,3,1,1,2,3,44,3,1,1,3,2,1,1
1,4,18,1,1,6883,2,1,1,3,1,2,1,27,1,1,1,2,1,1,1
1,2,24,1,0,2978,1,1,1,3,1,1,3,24,3,2,1,3,1,1,1
0,2,36,0,2,3398,1,4,2,2,2,2,1,22,1,2,1,4,1,2,1
1,2,6,2,0,670,1,3,4,3,2,2,1,28,3,2,1,3,1,1,1
0,1,4,1,0,3083,1,2,1,3,1,4,1,27,3,2,1,3,1,1,2
0,2,48,2,3,6409,1,1,4,3,1,4,4,40,3,2,1,3,1,1,1
1,2,6,1,2,639,1,3,3,2,3,2,2,27,3,2,1,3,1,1,1
1,1,30,2,1,9628,1,2,2,1,1,2,4,64,1,3,1,4,2,2,1
1,2,15,4,9,3358,1,4,4,3,1,4,2,23,3,2,2,3,1,1,1
1,4,24,2,2,2659,3,3,4,2,1,4,2,26,3,2,1,3,1,1,1
1,2,48,3,0,6614,5,4,1,3,1,4,3,36,3,2,2,3,2,2,1
1,4,36,2,3,1410,5,3,4,3,1,2,3,33,3,2,1,2,1,1,1
1,1,18,0,9,3378,1,2,2,3,1,4,3,27,3,2,1,3,1,1,1
1,4,18,2,1,1971,5,5,1,2,1,2,1,30,1,2,1,2,2,1,1
1,3,18,4,1,802,1,5,4,3,1,2,2,30,3,1,1,3,1,2,1
1,2,40,2,3,6795,1,3,4,3,1,3,3,36,1,2,2,3,1,2,1
1,4,12,3,3,1296,4,2,2,2,1,1,2,28,1,2,3,3,1,2,1
0,1,6,4,9,777,1,4,4,2,1,2,2,32,3,2,2,2,1,2,1
1,1,48,2,2,2135,3,5,4,3,1,4,2,32,3,3,1,2,1,2,1
0,1,12,4,2,1237,5,2,4,2,1,4,1,25,3,1,1,3,1,1,1
1,4,24,4,2,1512,5,5,4,3,1,4,4,37,3,3,2,2,2,2,1
1,4,18,2,1,7905,1,3,1,3,1,2,3,22,3,2,1,3,1,1,2
1,2,30,2,2,2535,2,3,4,4,1,4,1,26,3,1,1,3,1,2,1
0,4,15,1,3,1343,1,2,2,2,1,1,3,21,3,1,1,3,1,1,1
1,1,12,2,1,2351,3,5,4,3,1,4,2,51,3,2,1,4,1,1,1
0,4,21,2,2,2333,1,3,1,3,1,1,2,28,3,1,1,3,1,1,1
0,4,12,2,3,1749,3,4,2,3,1,4,4,26,3,2,2,3,1,2,1
1,2,15,2,2,3955,1,4,2,3,1,1,1,26,3,1,1,3,1,1,1
1,2,12,2,1,1165,1,5,4,2,3,4,4,74,3,3,1,3,1,1,1
0,2,36,1,2,7849,5,5,4,3,1,2,4,25,3,2,1,3,1,1,1
1,4,24,2,0,7398,5,3,1,1,1,4,3,24,3,2,1,3,2,2,1
1,2,24,2,1,5382,2,5,2,3,1,3,3,30,3,3,1,3,1,1,1
1,4,6,2,3,1295,1,3,2,2,1,2,1,46,3,2,1,3,1,1,1
0,1,12,4,6,614,1,4,4,3,1,1,1,33,3,2,1,3,1,1,1
1,1,24,4,9,2679,1,3,2,3,1,4,3,45,1,3,2,3,1,1,1
1,2,21,3,1,1827,1,1,4,2,2,1,4,29,3,2,1,4,1,1,1
1,1,36,2,4,1926,1,3,4,3,1,2,1,39,3,2,2,3,1,1,1
0,1,42,2,10,3995,1,2,2,3,1,2,4,21,1,3,1,2,1,1,1
0,4,24,2,10,4774,1,1,4,1,1,3,4,51,1,2,1,4,1,2,1
1,1,48,2,1,3917,3,4,4,3,1,4,2,30,3,2,2,3,1,2,1
1,2,24,4,3,2435,1,3,4,1,1,3,4,36,3,2,1,2,1,2,1
1,2,30,2,3,3918,1,3,3,3,1,2,3,29,3,2,1,2,1,2,1
0,2,36,1,2,5210,2,2,2,2,1,2,4,34,3,2,2,3,1,1,1
1,3,12,4,2,1743,1,3,4,3,1,2,1,32,3,2,1,3,1,1,1
1,4,24,2,3,2747,4,5,2,3,1,1,1,21,2,1,1,4,1,2,1
1,4,18,2,6,3433,1,5,1,2,1,4,3,37,2,2,1,3,1,1,1
1,4,24,4,3,3498,5,5,4,3,1,4,4,53,3,3,1,2,1,1,1
1,4,27,3,2,3075,1,3,3,4,1,4,2,45,2,2,2,3,2,1,1
0,1,36,4,9,3061,1,4,2,2,3,4,2,24,3,2,1,3,1,1,1
1,4,10,2,10,2629,1,3,3,3,1,3,2,28,3,2,1,3,1,2,1
1,4,24,0,0,5742,1,4,2,2,1,4,4,45,3,2,1,3,1,2,1
1,1,6,4,2,1514,1,5,4,2,1,3,2,52,3,2,2,2,1,1,1
1,1,6,4,6,497,1,4,4,3,1,1,2,25,3,2,2,2,1,1,1
1,2,48,2,0,14766,1,3,4,3,1,4,1,26,3,1,1,4,1,1,1
1,4,24,4,3,2244,5,5,3,3,1,4,2,29,3,1,2,3,2,2,1
1,1,30,2,0,2503,4,3,3,3,3,2,3,68,3,2,1,3,1,2,1
1,4,12,4,3,2761,5,4,3,3,1,4,3,54,3,2,1,3,1,2,1
1,4,42,1,4,9418,5,3,1,3,1,3,3,21,3,1,1,3,1,1,1
1,4,9,2,3,937,1,1,4,3,1,4,1,37,1,2,2,2,1,1,1
0,1,24,2,3,1382,1,2,2,2,1,3,1,30,1,1,1,3,1,1,1
1,2,36,4,3,4217,2,4,4,3,1,2,3,33,3,2,1,3,1,1,1
0,4,48,4,0,7192,5,3,4,3,1,2,2,34,1,2,2,4,2,2,1
1,3,24,2,0,2295,1,3,2,4,2,2,1,25,3,2,1,3,1,1,1
1,4,12,4,0,2147,1,5,2,2,1,2,3,33,3,2,2,4,1,1,1
1,4,48,2,9,6680,1,5,1,2,1,4,3,29,3,2,2,3,1,2,1
0,1,12,2,3,2249,1,1,4,3,1,3,1,39,3,2,1,3,1,1,1
1,4,42,4,0,7260,5,5,2,2,1,4,3,46,3,2,2,3,1,2,1
1,1,18,2,0,6761,2,5,4,4,1,4,3,26,3,2,1,3,1,2,1
1,1,21,2,1,1572,1,3,3,2,1,4,3,38,3,2,1,3,1,1,1
1,4,21,2,1,2424,3,5,1,2,1,4,4,38,3,2,1,3,1,2,1
0,1,18,3,0,1583,1,3,4,3,1,2,2,29,1,2,2,4,1,1,1
1,3,18,2,9,1884,1,2,3,3,3,2,1,23,3,1,1,3,1,1,1
1,3,4,4,0,975,1,3,2,3,1,3,1,38,3,1,1,3,2,2,1
1,4,9,4,0,3356,5,5,1,2,1,4,3,59,3,3,1,3,1,2,1
0,3,48,4,3,1934,1,5,3,3,1,4,3,55,3,2,2,3,1,1,1
1,4,24,3,0,4582,5,5,4,2,3,4,3,64,3,2,3,2,1,1,1
0,2,30,4,3,3574,1,5,4,1,1,4,2,61,1,1,3,3,1,1,1
1,3,6,2,3,795,1,3,1,2,1,2,1,39,3,2,2,3,2,1,1
0,3,24,4,1,1602,5,4,4,3,1,4,3,40,3,1,1,3,1,1,1
0,1,24,4,3,1154,3,5,4,3,1,4,3,47,1,2,2,3,1,2,1
0,4,15,2,0,1549,5,5,4,3,1,2,1,50,3,2,1,3,1,1,1
0,1,18,2,2,1070,1,5,4,3,1,1,1,34,3,2,1,4,1,2,1
1,1,21,2,2,7602,2,3,2,3,2,1,3,28,3,2,1,3,1,1,1
0,4,36,3,0,3941,1,5,4,3,1,4,3,28,1,2,2,3,1,1,1
0,1,48,2,9,5170,4,4,4,3,2,4,2,23,3,1,1,2,1,2,1
1,4,18,2,6,1185,1,3,2,3,1,1,1,35,3,1,1,4,1,1,1
1,4,24,4,9,10531,2,2,4,3,1,2,4,47,3,2,2,4,1,2,1
1,4,6,3,0,2544,1,2,1,2,1,2,2,32,3,1,2,3,1,1,1
1,4,12,2,0,2761,5,5,2,3,1,4,2,64,3,2,1,3,1,2,1
1,4,24,4,10,2141,1,5,2,3,3,4,2,38,3,3,1,3,1,2,1
1,2,24,2,10,5778,1,3,1,2,3,2,1,28,3,2,2,3,1,1,1
1,2,6,2,2,624,2,4,1,3,1,4,1,58,3,1,1,2,1,1,1
0,2,11,4,8,3264,1,5,2,2,1,4,3,63,1,3,2,3,1,1,1
1,2,24,2,6,9405,1,5,2,2,1,4,2,45,1,3,3,3,1,2,1
0,2,24,2,0,4374,2,3,2,3,1,2,3,24,1,1,2,3,1,1,1
1,1,12,2,1,5711,1,4,1,3,1,1,1,30,3,1,1,2,1,1,1
1,2,24,2,3,1899,1,4,4,2,1,3,4,40,2,3,1,4,2,1,1
1,4,12,1,3,1422,1,4,2,3,1,4,1,33,3,1,1,2,2,1,1
1,2,24,2,3,5012,5,4,3,3,1,4,3,46,3,3,2,3,2,2,1
1,1,10,2,0,3160,1,2,2,2,1,1,4,23,3,2,1,3,1,1,1
1,4,6,2,0,1471,1,4,4,4,1,3,1,50,3,2,2,3,1,1,1
0,2,6,2,0,727,1,3,1,3,1,4,1,29,3,2,2,3,2,1,1
1,1,12,4,1,3617,1,3,2,2,1,2,3,31,3,2,2,4,1,2,1
0,1,48,2,0,12716,1,1,2,3,1,4,3,27,3,1,1,3,1,2,1
0,4,12,2,0,1597,5,3,4,3,1,2,3,24,1,1,3,2,1,1,1
1,2,18,4,9,2347,1,2,4,3,2,2,2,49,1,2,2,3,1,1,1
1,1,12,4,1,1820,1,4,3,3,2,4,3,55,3,3,1,3,1,2,1
1,2,18,2,3,3975,1,2,1,2,1,2,2,27,3,2,1,4,1,2,1
1,3,12,4,0,1107,1,1,4,3,1,3,1,32,3,2,1,3,2,1,1
1,1,12,2,0,2099,5,3,4,2,2,1,1,49,3,2,1,3,2,1,1
1,2,18,4,3,1597,3,5,4,3,1,2,1,59,3,2,2,4,1,1,1
1,1,48,2,0,7691,2,4,1,3,1,4,4,33,3,3,1,3,1,1,1
1,2,12,2,3,1956,2,2,2,2,1,4,2,30,2,2,2,4,1,1,1
1,2,12,2,0,934,5,5,4,2,1,3,2,37,3,2,1,3,2,2,1
1,2,10,4,0,4060,5,5,1,3,1,4,1,42,3,3,1,3,1,1,1
1,2,24,2,1,7417,1,1,3,3,1,4,2,40,3,2,1,3,1,2,1
1,1,24,2,3,4601,5,3,4,2,1,4,4,41,1,2,1,3,1,2,1
1,4,39,2,2,8673,5,1,4,1,1,2,2,29,3,2,1,3,1,2,1
0,1,9,2,3,1310,1,1,4,2,1,4,1,24,3,1,1,2,1,2,1
1,1,48,2,2,5915,1,2,4,2,1,4,4,32,3,2,1,4,1,2,1
1,1,12,0,2,1134,1,3,4,3,1,4,3,29,1,2,1,3,1,2,1
1,3,36,2,2,3874,5,3,4,3,2,3,3,45,3,3,1,3,1,1,1
1,1,9,3,2,782,1,3,4,2,1,2,2,28,3,1,1,3,1,1,1
1,1,36,2,0,8329,1,5,4,3,1,4,3,52,3,2,1,3,1,2,1
1,1,18,2,0,5836,2,5,1,2,1,4,4,46,3,2,1,3,1,1,1
0,3,24,2,8,4265,4,4,3,3,1,2,2,25,3,1,1,3,1,1,1
1,4,8,3,3,753,5,4,4,2,1,2,3,34,3,2,1,3,1,1,1
1,1,18,2,9,2133,5,4,2,2,1,4,4,40,2,2,1,4,1,2,1
0,1,18,2,0,1206,1,3,4,3,1,2,2,43,3,2,1,3,1,1,1
1,4,12,4,6,1525,2,3,4,2,1,3,1,33,3,2,1,3,1,1,1
1,4,24,4,3,3621,2,5,4,3,2,4,1,44,3,1,2,2,1,1,1
0,2,12,2,9,933,1,3,3,3,3,2,3,37,3,1,1,3,1,2,1
1,4,12,4,1,1941,5,5,2,3,1,2,1,57,3,1,1,2,2,2,1
0,4,33,2,0,6418,5,5,2,3,2,4,2,44,2,2,2,3,1,1,1
0,2,15,1,3,2119,1,3,2,3,1,2,1,36,2,2,1,4,1,2,1
0,3,12,2,9,2171,1,5,3,2,1,4,2,25,1,2,1,3,1,1,1
1,2,6,4,9,1200,1,3,2,3,1,2,1,35,3,2,3,3,1,2,1
0,2,18,0,0,1381,4,1,4,3,1,2,1,25,3,2,1,4,1,2,1
0,1,27,1,6,3234,3,2,4,3,1,2,1,30,3,1,1,3,1,1,1
0,2,24,1,2,3596,3,4,4,2,1,4,4,34,1,3,1,3,2,1,1
1,2,6,4,0,701,1,3,4,4,1,4,1,30,3,1,1,1,1,1,1
1,2,24,4,5,1988,1,3,4,2,1,2,3,37,3,2,2,3,2,1,1
1,2,48,2,1,6785,4,5,2,3,1,2,1,42,1,1,2,3,2,1,1
1,1,24,2,3,2025,1,4,2,2,1,4,3,25,3,2,1,3,1,1,1
1,2,48,2,1,6971,5,2,1,2,1,4,1,36,3,1,1,3,1,1,1
1,4,10,2,2,1194,1,2,4,3,1,1,1,33,2,2,1,3,1,1,1
0,4,12,2,2,2154,3,3,4,2,1,1,1,36,3,2,1,2,1,1,1
1,2,12,4,3,6994,1,3,1,3,1,2,1,27,3,2,2,3,2,1,1
1,4,24,3,1,3531,1,1,2,3,1,2,1,20,3,1,1,3,1,2,1
1,4,24,2,0,4818,1,4,1,3,1,4,1,38,3,2,1,3,2,1,1
1,3,47,4,3,3017,1,4,4,3,1,4,2,36,2,2,2,4,2,2,1
1,4,24,4,2,4735,5,4,1,2,1,4,1,24,3,1,2,3,2,1,1
1,4,18,4,3,3050,5,3,4,3,1,2,4,23,3,2,1,4,1,2,1
1,1,24,2,3,7475,1,3,3,2,1,4,3,36,3,3,1,3,1,2,1
1,2,18,4,0,4155,2,1,3,3,1,3,2,50,3,2,3,3,1,2,2
1,1,12,4,10,3016,1,3,2,3,1,3,3,25,3,2,1,3,2,2,1
0,4,18,2,3,956,1,5,4,3,1,4,4,25,3,2,2,3,1,2,1
0,1,18,2,2,1136,1,2,4,1,1,4,3,57,3,2,2,3,1,2,2
1,4,24,4,6,4816,1,5,4,2,1,3,1,40,3,2,1,2,2,1,1
0,1,30,3,5,3148,2,5,3,1,1,4,3,36,3,2,1,4,1,2,1
0,1,24,4,0,2575,1,3,4,3,1,4,3,67,3,2,3,3,1,1,1
1,4,24,4,3,7618,1,2,4,3,1,2,3,44,3,2,2,3,1,1,1
1,1,24,4,9,6950,1,3,4,2,1,3,3,50,3,2,1,3,1,1,1
1,3,48,4,6,12873,5,3,1,2,1,3,3,28,3,2,3,4,1,1,1
1,4,12,3,3,4511,1,3,1,3,1,4,2,27,3,2,1,2,1,1,1
0,1,24,2,3,2613,1,3,3,3,1,2,3,34,3,2,1,3,2,1,1
1,2,11,3,3,872,2,4,4,2,1,3,3,40,3,2,1,3,1,2,1
1,2,11,2,6,1493,1,5,3,3,1,3,2,50,3,2,2,3,2,2,1
1,4,18,4,0,4812,1,3,4,3,1,4,3,65,3,3,1,4,1,2,1
1,4,12,4,1,2181,1,3,4,2,1,4,2,32,2,1,1,3,1,1,1
1,4,18,0,0,1977,5,2,3,3,1,4,3,24,3,3,1,3,1,1,1
1,1,42,4,1,2192,1,1,4,3,1,1,1,26,1,2,2,3,1,1,1
1,1,18,4,3,2766,1,5,4,4,1,4,4,57,3,3,2,3,2,1,1
1,1,21,2,0,3843,1,2,4,2,1,4,2,49,3,2,1,3,1,1,1
0,2,12,3,6,1238,1,4,4,3,1,4,2,46,3,2,2,3,1,1,1
1,4,24,2,3,3200,4,5,3,2,1,4,3,43,3,2,1,3,1,1,1
1,4,24,4,2,3236,4,5,4,3,2,4,3,50,3,2,1,4,2,2,1
1,1,36,2,3,7587,1,3,4,2,1,4,3,63,3,2,1,4,1,2,1
0,1,9,2,2,782,1,3,3,3,1,4,1,25,1,1,1,2,1,2,1
1,4,18,3,1,3447,2,3,4,3,1,4,3,43,3,2,1,3,1,1,1
0,1,27,2,0,2369,3,3,4,2,1,3,1,26,3,2,1,3,1,1,1
1,1,24,2,2,1287,1,3,4,3,1,4,2,22,3,2,2,3,1,1,1
1,4,18,1,9,2476,3,5,2,2,3,4,3,25,3,2,1,3,1,1,1
1,4,24,2,3,2141,1,5,2,3,1,4,3,34,3,2,1,3,2,1,1
0,4,24,2,8,2322,2,3,4,2,1,4,3,55,3,2,1,3,1,2,1
1,1,12,2,6,1199,1,4,4,3,1,4,2,32,3,2,1,3,1,2,1
1,4,18,2,1,1750,2,5,2,3,1,4,1,36,2,1,1,2,1,1,1
0,4,18,2,9,7233,1,2,3,3,1,1,3,24,3,2,1,3,1,1,1
1,4,12,2,0,1245,2,4,4,3,1,4,2,38,3,2,2,3,1,2,1
1,4,13,2,0,1236,1,5,2,3,1,3,2,37,3,2,2,2,2,1,1
0,4,60,1,9,18099,3,2,2,2,1,2,4,24,1,2,1,2,1,2,1
1,4,60,4,1,11671,5,5,2,1,1,4,2,31,3,2,1,3,1,1,1
1,1,12,2,2,1116,1,3,3,3,1,4,3,25,1,2,1,2,1,2,1
0,1,24,2,9,1167,1,3,4,2,1,2,2,33,3,2,1,3,1,1,1
0,2,36,4,2,10742,1,1,4,3,1,4,3,34,3,2,1,3,2,2,1
1,4,24,3,2,9420,1,5,3,3,1,3,4,61,3,3,2,4,1,2,1
1,1,10,2,6,1602,1,3,2,1,1,4,2,29,1,2,2,3,1,2,1
0,2,36,2,3,2630,5,3,4,3,1,4,4,44,3,2,1,4,1,2,1
1,2,12,4,0,1167,1,3,4,3,1,1,1,30,3,2,1,3,1,1,1
0,4,15,2,9,1374,1,1,4,3,1,1,4,35,3,2,1,3,1,2,1
1,2,24,4,3,7477,1,5,2,2,1,4,3,47,3,2,2,4,1,2,1
1,4,10,4,0,2037,5,5,3,3,1,3,3,35,3,1,1,3,1,1,1
0,1,24,4,6,6460,1,4,1,3,1,4,3,57,1,2,2,3,2,2,1
1,1,6,4,3,659,1,2,4,2,1,1,1,24,3,2,2,3,2,1,1
1,2,24,2,2,10099,5,3,2,2,1,3,3,24,3,2,1,3,1,2,1
1,4,12,2,5,957,5,2,4,2,1,2,3,25,3,2,1,2,2,1,1
1,4,6,4,0,1598,3,3,3,3,1,3,4,57,3,3,1,3,2,2,1
1,1,18,4,1,3211,1,5,1,2,1,4,3,24,3,2,2,3,1,1,1
1,2,30,2,3,2894,1,2,2,2,1,2,3,33,3,3,1,3,1,2,1
0,1,12,1,0,1412,1,3,2,3,3,2,4,35,3,3,1,3,1,1,1
1,4,12,4,3,7140,1,5,1,2,1,4,3,25,3,2,1,4,1,2,1
0,2,36,2,5,2759,5,5,4,3,1,4,2,28,3,1,1,3,1,1,1
0,1,15,3,0,2276,2,1,4,3,1,4,3,30,3,2,1,2,1,1,1
1,2,30,2,8,1935,1,3,4,2,1,2,3,36,2,2,2,3,1,2,1
0,4,18,2,0,1151,5,4,4,2,1,2,1,23,3,1,1,2,2,1,1
1,2,39,2,9,4786,1,5,4,3,1,4,1,46,3,2,1,3,1,2,1
1,4,60,4,3,3608,1,2,4,3,1,1,4,28,3,2,2,3,1,2,1
1,1,12,2,2,3995,1,4,3,3,1,1,1,55,2,2,1,3,1,2,1
1,4,6,3,0,1040,1,5,4,1,1,4,1,31,3,2,1,2,1,2,1
1,4,30,2,3,4306,1,3,3,3,2,4,1,21,3,2,1,2,1,1,1
1,4,6,4,0,959,1,1,1,3,1,1,1,26,3,1,1,2,1,1,1
1,4,48,4,3,12592,4,4,2,4,1,2,1,40,3,2,1,4,1,1,1
1,4,24,4,9,3398,4,5,2,2,1,4,2,40,3,2,1,3,2,2,1
0,2,24,2,6,4297,1,3,3,4,1,2,3,26,3,2,2,4,1,1,1
0,4,18,1,3,5809,2,2,2,4,1,2,1,25,2,2,1,3,2,2,1
1,4,24,2,3,1573,3,4,4,3,1,2,2,44,3,2,3,3,1,1,1
0,1,15,2,8,3148,1,4,2,2,1,4,4,41,3,2,1,3,1,2,1
1,1,60,3,3,14165,1,3,2,2,1,4,3,49,3,2,1,3,1,2,1
1,2,6,2,9,932,1,3,4,3,1,2,1,31,3,2,3,3,2,1,1
1,2,18,2,6,981,1,5,4,2,1,4,1,55,3,2,1,4,1,2,1
1,1,6,2,3,378,1,3,4,4,1,1,2,36,3,1,1,2,1,2,1
1,4,7,2,3,1125,5,3,4,3,1,1,1,25,3,2,1,3,1,1,1
1,4,6,2,3,587,1,3,2,2,1,4,3,49,3,2,2,2,1,1,1
0,1,6,2,0,457,1,5,4,2,1,3,1,34,3,2,1,3,2,1,1
1,4,18,2,3,1058,1,4,4,3,1,2,2,27,3,2,1,2,1,1,1
1,4,5,4,9,447,1,5,4,3,1,4,1,26,3,2,2,2,1,1,1
1,3,30,0,1,6143,2,3,1,3,1,2,2,23,3,2,1,2,1,1,1
1,4,30,3,9,2293,5,5,4,3,1,4,2,46,1,2,2,3,1,2,1
1,1,48,0,10,4242,1,4,2,4,3,2,4,24,1,3,1,3,1,1,1
1,1,24,2,1,2578,1,5,4,2,1,4,3,43,1,2,1,3,1,2,1
0,2,9,1,3,652,1,5,4,1,1,2,1,38,1,2,2,4,1,1,1
1,4,12,4,0,2132,1,5,1,3,1,4,3,33,3,2,2,4,1,1,1
1,1,15,3,2,1935,1,3,4,3,1,2,2,24,3,1,1,3,1,1,1
1,1,18,3,0,1835,1,1,1,2,1,4,1,23,3,1,2,3,1,1,1
1,1,12,2,5,1520,1,4,4,3,1,4,1,38,1,2,1,3,1,2,1
1,1,10,2,3,1357,1,5,4,2,1,4,2,43,1,1,2,3,1,1,1
0,1,48,2,10,6226,1,5,1,2,1,2,3,23,3,2,1,3,1,2,1
0,1,45,2,5,5874,1,2,4,2,2,4,2,28,3,2,2,3,2,2,1
1,1,6,2,0,624,5,3,1,4,1,3,1,46,3,1,2,2,1,1,1
0,1,9,2,6,652,1,3,3,4,1,4,3,23,3,2,1,2,1,1,1
1,2,6,2,3,588,4,3,4,3,1,2,3,32,1,2,1,3,2,1,1
1,4,48,4,6,5169,5,5,4,3,1,4,2,66,3,2,2,3,1,2,1
1,2,30,2,9,7080,1,5,4,4,1,2,4,21,1,1,1,4,1,1,1
1,3,18,3,0,3094,1,2,1,2,1,3,4,36,3,2,1,2,1,1,1
1,2,15,4,0,3059,1,2,4,3,3,2,3,31,3,2,1,1,1,1,1
1,4,12,4,2,1078,1,3,4,3,1,2,3,33,1,2,2,2,1,2,1
1,4,24,2,3,7493,1,3,1,3,1,1,1,20,3,1,1,3,1,2,2
0,4,48,4,6,7680,1,4,1,4,1,4,3,65,3,2,4,3,1,2,1
1,1,24,2,2,1341,5,4,4,3,1,2,3,25,3,2,1,3,1,2,1
1,2,10,2,3,8480,1,1,1,3,1,4,3,47,1,3,2,4,2,2,1
1,4,7,2,2,626,1,3,4,2,1,2,3,41,3,2,1,2,1,1,1
1,4,12,4,9,1402,1,4,4,3,2,1,3,67,3,2,2,3,1,2,1
1,4,24,2,3,2121,1,5,4,3,1,2,1,63,2,2,2,4,1,2,1
1,4,7,4,3,626,1,2,4,4,1,2,3,23,3,2,1,3,2,1,1
1,4,12,4,0,8712,1,4,2,2,1,2,3,32,3,2,1,3,2,2,1
0,3,12,4,0,926,1,3,3,2,1,2,1,31,3,2,1,3,1,1,1
0,1,15,2,0,6509,1,3,3,2,1,2,1,23,3,1,1,3,1,1,1
1,4,36,2,0,8941,2,3,4,3,1,4,4,31,3,3,1,3,1,1,1
0,1,39,2,1,2895,1,2,4,3,1,2,3,32,1,3,2,3,1,2,1
1,1,12,4,0,5108,1,2,2,3,1,2,3,38,3,3,1,4,1,1,1
1,1,6,4,1,1088,1,5,4,2,1,2,2,28,3,2,2,4,1,1,1
1,2,24,2,3,5151,1,4,2,4,1,2,3,44,3,2,1,4,1,2,1
1,3,9,2,2,3510,1,3,1,2,1,4,2,39,3,2,1,3,1,1,1
0,1,60,2,2,15920,1,4,1,3,3,4,3,41,1,2,2,3,1,2,1
1,1,24,2,5,2638,1,3,3,2,1,3,3,29,3,2,2,3,1,2,1
1,1,30,2,6,7048,3,2,1,2,1,1,2,40,3,2,1,3,1,1,1
0,1,36,4,6,6740,1,3,1,2,1,2,1,31,3,2,2,3,1,2,1
1,4,18,2,3,7633,5,3,2,3,1,3,3,29,3,2,1,2,1,1,1
0,1,18,2,6,1136,1,4,2,4,1,2,1,24,2,2,1,2,1,1,1
1,1,24,2,0,950,1,3,4,3,1,4,2,53,3,2,1,2,2,1,1
1,2,18,2,3,4792,1,2,1,3,3,1,2,24,3,2,1,3,1,2,1
1,1,12,2,1,2096,5,5,3,3,1,4,1,31,1,2,1,3,1,1,1
1,2,18,2,9,3304,1,5,4,2,1,4,3,48,3,2,1,4,1,2,1
1,1,36,2,9,5742,1,2,2,2,1,4,4,43,3,2,1,3,1,2,1
0,4,20,2,3,2994,1,5,1,2,1,2,3,36,3,2,2,3,1,1,1
0,1,36,2,0,10658,1,2,1,3,1,4,4,34,1,3,1,3,1,2,1
0,1,36,2,3,7232,1,5,2,3,3,4,1,49,3,2,1,2,2,2,1
0,3,12,2,0,2406,1,2,2,3,1,2,2,25,1,1,1,4,2,2,1
1,2,16,0,2,425,1,2,4,2,1,3,1,24,3,1,1,1,1,1,1
0,1,30,2,3,10973,1,5,1,3,1,4,3,38,3,2,1,3,1,2,1
1,1,12,4,0,6614,5,3,2,2,2,3,1,67,3,1,2,3,1,2,1
1,2,24,3,2,3811,1,3,3,4,1,3,1,22,3,2,1,3,1,1,1
1,1,18,2,3,2394,3,2,2,2,1,1,1,26,1,2,2,3,1,1,1
1,1,24,2,2,5800,1,3,4,3,3,3,1,34,3,2,1,3,1,2,1
1,4,24,4,3,4272,1,3,3,3,1,1,3,24,3,2,1,2,1,1,1
1,1,24,2,9,2517,1,3,3,1,1,2,2,61,1,2,1,2,1,1,1
1,2,36,3,3,3075,1,4,4,3,2,2,1,31,3,1,2,3,1,1,1
1,4,24,2,2,3171,4,5,4,2,1,4,3,33,3,2,2,3,1,1,1
1,4,48,0,0,9047,1,5,2,2,1,4,2,40,1,2,1,4,1,2,1
1,4,9,2,2,1413,5,1,1,3,1,4,1,38,3,2,2,2,1,1,1
1,4,6,4,4,2016,5,5,2,2,1,3,1,63,3,2,2,2,1,2,1
1,1,18,2,1,3171,1,1,2,3,1,1,3,19,1,2,1,3,1,1,1
0,1,36,2,6,7591,1,3,1,3,1,2,3,22,1,3,1,3,1,1,1
1,4,11,1,0,6399,5,3,1,3,1,2,2,31,3,2,1,3,1,1,1
0,4,18,2,0,3620,1,2,4,3,1,2,4,26,2,3,2,3,2,1,1
0,1,48,4,2,1501,5,3,4,2,1,4,3,20,3,1,1,3,1,2,1
1,4,12,4,0,1239,1,2,4,2,1,3,1,25,3,1,2,1,1,1,1
1,1,24,2,2,2135,1,3,1,2,1,1,3,28,3,2,1,3,1,1,1
1,4,12,2,0,861,1,1,2,2,1,4,2,21,3,2,1,2,1,1,1
1,4,24,4,2,7868,1,1,1,3,1,2,1,29,3,2,1,2,1,2,1
1,4,18,2,3,1300,1,4,4,3,1,4,1,31,3,1,2,4,2,1,1
0,2,24,4,0,1312,1,1,2,2,1,3,2,22,3,2,1,3,1,1,1
1,2,60,2,2,13937,5,2,4,1,1,4,3,44,2,3,2,3,1,1,1
1,2,39,3,0,3577,5,5,4,2,1,4,3,48,3,2,1,2,1,1,1
0,4,9,3,0,1231,1,4,4,3,1,2,4,59,3,2,2,3,1,1,1
1,4,42,2,3,3572,5,4,3,2,1,4,3,27,3,2,2,3,1,1,1
1,2,13,4,2,9022,4,3,2,3,1,2,1,55,3,2,1,3,1,2,1
1,4,36,4,9,2333,1,5,2,3,3,4,1,37,3,2,2,2,2,1,1
1,1,13,4,3,433,1,3,4,1,1,2,1,29,3,1,1,2,1,2,1
1,1,5,2,1,1199,1,1,1,3,3,1,1,32,3,2,1,3,1,2,2
0,1,24,2,3,2406,5,5,2,1,1,3,2,27,3,1,2,2,2,1,1
0,2,12,2,9,1314,1,4,3,3,1,3,1,44,1,2,1,3,1,1,1
1,4,15,4,2,1937,5,4,4,1,1,4,3,66,3,2,2,3,2,1,1
1,1,9,4,0,2698,5,3,2,3,3,2,2,55,3,2,1,4,1,1,1
1,4,6,2,3,2100,1,4,2,2,1,2,1,35,3,2,2,3,1,1,1
1,2,12,4,3,2966,1,5,3,1,1,4,2,27,3,1,2,4,1,2,1
1,1,12,2,5,634,5,5,4,1,1,4,2,33,3,2,1,3,1,1,1
1,4,24,0,10,7291,1,3,2,3,1,2,3,46,3,2,1,3,1,2,1
0,1,24,2,1,1944,5,3,3,3,2,4,3,26,3,2,2,3,2,2,1
0,2,24,2,3,2278,5,5,4,3,1,2,3,49,3,2,2,3,2,1,1
1,4,6,4,6,1048,1,5,4,4,1,4,3,53,1,2,2,4,1,2,1
1,3,12,4,0,2862,1,5,4,2,1,4,4,37,3,3,2,3,1,2,1
1,1,12,2,3,1453,2,4,4,2,1,2,1,28,3,2,1,3,1,1,1
1,4,12,4,0,753,1,3,4,3,1,4,3,49,3,2,2,3,1,1,1
1,1,70,2,10,14155,1,5,4,3,1,4,1,27,3,1,2,3,1,2,1
0,4,12,4,6,2709,1,3,1,2,1,1,3,52,1,2,3,3,1,1,1
1,2,18,4,0,1089,4,5,4,3,1,3,4,27,3,2,2,2,1,1,1
1,4,24,4,10,1930,1,2,1,2,1,1,1,24,3,2,2,3,1,1,1
1,4,36,2,3,3651,1,3,4,2,1,4,1,26,3,2,1,2,2,1,1
1,4,10,4,1,4288,1,3,3,2,1,2,4,52,3,2,2,3,1,2,1
1,1,12,4,0,1168,1,3,4,3,1,2,3,35,3,2,1,3,1,1,1
1,2,30,4,2,4230,1,4,2,3,1,4,4,57,3,2,2,4,1,2,1
1,3,36,4,2,2334,2,5,3,4,1,4,2,54,3,3,1,3,1,1,1
0,2,18,2,10,6445,2,5,2,1,1,2,2,27,3,1,1,2,1,1,1
1,2,12,2,2,6682,1,3,1,2,1,2,4,66,3,3,1,3,2,2,1
0,1,10,2,2,2780,1,3,3,3,1,3,3,54,3,2,1,3,1,1,1
1,4,36,0,1,2818,5,5,3,1,1,4,3,50,2,2,1,2,1,2,1
0,2,24,2,0,3407,1,5,3,2,1,2,3,48,1,2,2,2,2,1,1
1,3,24,3,3,12710,5,5,2,4,1,4,2,54,3,2,2,3,1,2,1
1,4,6,3,5,1137,1,4,4,2,1,1,3,26,3,2,1,2,1,1,1
1,1,12,2,1,3571,1,4,3,3,1,2,2,38,3,1,1,4,2,1,1
1,2,18,0,9,883,1,5,3,2,1,3,3,54,1,2,1,2,1,2,1
1,2,24,4,0,1156,2,5,4,3,1,4,4,28,3,2,1,3,1,2,1
0,2,18,1,1,3609,1,1,2,1,1,4,1,24,1,1,1,3,1,1,1
1,2,12,2,9,1353,5,4,2,3,1,2,1,40,2,2,1,3,1,1,1
0,2,15,2,3,6288,1,1,4,1,1,2,3,21,3,2,1,3,2,1,1
1,4,21,4,6,2141,1,2,2,2,1,2,3,42,3,2,1,3,1,1,2
1,1,24,2,2,7653,2,3,1,2,3,4,3,27,1,2,1,3,1,2,1
1,4,48,4,3,7086,4,3,3,4,1,4,3,46,3,2,3,3,1,2,1
1,4,15,2,1,2902,5,5,2,3,1,4,3,40,3,3,2,3,1,2,1
1,2,24,4,0,6596,1,3,1,3,3,1,2,27,3,2,1,3,1,1,1
1,4,36,4,1,2359,5,3,4,1,1,1,2,36,3,2,1,1,1,2,1
0,4,18,2,3,1743,1,2,3,3,1,3,2,33,3,1,1,3,1,1,1
1,4,10,2,0,3009,1,2,4,3,1,4,2,36,3,3,1,3,1,2,1
0,2,20,2,3,2569,5,4,2,2,1,4,1,38,3,1,1,4,1,2,1
1,4,36,2,0,3917,1,3,3,3,1,4,4,37,1,2,1,3,1,1,1
1,1,24,3,0,3658,5,3,4,3,1,4,2,23,3,2,1,3,1,1,1
1,1,30,2,2,12068,1,4,2,2,3,4,3,47,3,2,1,4,2,2,1
1,4,12,4,2,1041,2,5,3,4,1,2,1,30,3,2,2,3,1,1,1
1,4,36,4,0,7288,1,5,1,3,1,4,4,53,3,2,2,4,1,2,1
1,2,15,4,2,1216,1,3,4,1,1,2,2,29,3,1,1,4,1,1,1
1,2,15,4,0,1241,2,4,4,2,1,2,3,21,3,2,1,3,1,1,1
1,2,30,4,3,4732,1,2,1,3,1,4,4,54,3,2,2,3,2,2,1
1,2,24,2,3,7380,1,3,2,3,1,4,3,30,3,2,2,3,2,1,1
0,2,9,4,0,1000,1,4,4,4,1,3,3,33,3,2,1,3,1,1,1
0,2,10,4,3,1496,3,3,1,3,1,3,2,29,3,2,2,3,2,1,1
0,1,42,0,9,6427,3,1,1,3,1,4,2,31,3,2,1,4,1,2,1
1,4,48,4,6,7482,1,3,4,3,1,3,4,36,3,2,3,3,1,2,1
0,1,12,4,5,2098,1,5,4,2,1,2,1,48,3,1,2,4,1,2,1
1,3,21,0,3,5150,1,1,4,3,1,4,2,47,3,2,1,3,1,1,1
0,3,12,2,9,797,5,4,4,3,1,4,1,26,2,1,1,2,1,1,1
0,1,30,2,3,3610,1,2,2,3,1,1,3,28,3,2,2,3,1,1,1
0,4,24,2,3,10698,2,4,2,3,1,4,3,31,3,2,1,3,1,2,1
1,1,24,2,3,2673,1,5,3,3,1,4,2,34,3,2,2,3,1,1,1
0,2,30,2,0,3711,5,3,3,4,1,3,2,25,3,2,1,3,1,2,1
1,4,6,4,0,864,3,5,4,3,2,2,2,41,3,2,2,3,1,2,1
1,2,12,4,0,2314,1,5,1,2,2,2,2,37,3,1,1,2,1,2,1
1,2,36,4,3,3709,1,4,4,1,1,4,1,22,3,1,1,3,1,1,1
0,2,36,2,6,4795,1,3,4,3,3,1,2,20,3,2,1,4,1,1,1
1,4,4,2,1,1185,1,4,2,3,3,3,1,30,1,2,2,3,1,1,1
0,3,15,2,9,442,1,4,4,3,1,4,1,22,3,2,2,2,1,1,1
1,2,18,2,9,950,5,5,4,3,1,4,3,29,1,2,1,4,1,2,1
1,2,13,2,3,4678,1,4,4,3,1,4,4,37,3,3,1,3,2,1,2
1,4,15,2,3,1125,1,3,3,2,1,2,1,28,3,2,1,2,1,1,1
0,2,48,1,3,5210,1,3,4,3,1,3,3,37,3,2,2,3,1,1,1
1,1,12,4,2,1310,5,3,3,2,1,4,1,25,3,2,1,3,1,2,1
1,1,18,4,2,5800,2,4,4,3,1,4,4,30,3,2,1,4,1,2,1
1,4,21,2,2,1919,1,4,4,2,1,1,1,40,3,2,1,3,1,1,1
1,2,18,3,3,2444,3,5,4,3,1,3,2,40,3,2,2,3,1,1,1
1,2,39,1,3,3663,3,3,3,2,1,2,3,26,3,2,1,3,1,1,1
0,4,37,4,9,3967,1,3,2,1,1,3,2,36,3,2,2,2,2,2,1
1,1,30,4,2,6759,1,4,1,3,1,4,2,42,1,1,1,2,2,1,1
1,2,6,2,9,3049,1,3,2,2,1,3,1,32,3,1,1,3,1,2,1
1,1,42,2,3,5832,4,2,1,2,1,3,4,42,1,2,2,3,1,1,1
1,2,9,4,0,624,3,3,3,3,1,2,3,32,1,2,2,2,1,1,1
1,1,12,2,3,1051,1,3,4,3,1,2,2,29,1,2,2,4,1,2,1
1,4,18,3,0,7823,5,5,1,3,1,4,3,46,3,2,1,2,1,1,2
1,2,12,3,2,1413,3,5,2,2,1,4,2,37,1,2,2,3,1,1,1
1,4,18,4,1,2700,5,3,2,2,1,4,3,44,3,2,2,3,1,2,1
1,1,10,1,3,426,1,3,4,3,1,2,1,20,3,2,1,2,1,1,1
1,1,24,2,9,3397,5,3,3,3,1,2,3,21,3,2,1,1,1,1,1
1,2,24,4,5,3517,1,3,2,3,1,2,2,27,3,2,1,3,1,1,1
1,3,42,2,0,9040,1,5,2,2,1,4,4,44,3,2,1,3,2,1,1
1,3,21,4,6,1245,5,3,3,2,1,4,1,24,3,2,1,2,1,1,1
1,4,11,4,1,1245,1,4,4,2,1,4,3,47,3,2,2,2,1,1,1
1,2,24,4,1,2319,2,3,4,3,1,2,3,45,3,2,3,3,1,2,1
0,1,15,2,0,1978,1,3,4,4,1,2,2,47,3,2,1,3,2,1,1
0,2,30,2,0,5742,2,3,4,3,1,2,2,24,3,1,1,3,1,1,1
1,1,12,4,0,1881,1,4,4,2,3,2,1,64,3,2,2,2,1,1,1
1,4,9,2,2,978,1,3,4,3,1,3,1,30,3,2,2,3,1,2,1
1,1,30,2,2,4807,1,3,3,3,1,3,3,25,2,2,2,2,2,2,1
1,1,24,2,3,3191,5,3,4,1,1,2,1,39,2,1,1,3,1,1,1
0,2,24,2,2,1258,1,3,4,4,1,4,1,35,2,2,2,3,1,1,1
1,1,13,2,9,3106,2,5,4,3,3,1,2,27,3,1,1,3,1,1,1
1,2,18,2,3,1082,5,2,4,3,1,2,1,25,3,2,1,1,2,1,1
0,4,15,2,10,1592,2,5,2,3,1,4,3,23,2,2,1,3,1,2,1
1,2,24,4,9,2966,2,3,4,3,1,4,2,43,3,3,2,3,1,1,1
0,2,18,2,9,2399,1,5,4,4,1,4,3,43,3,3,1,4,1,2,1
1,2,9,2,0,2277,5,3,1,3,1,4,2,36,3,1,1,3,1,1,1
0,4,12,4,9,1501,1,5,2,2,1,4,3,36,2,2,2,3,1,1,1
0,2,15,4,8,1279,1,4,4,3,2,2,1,40,3,2,1,3,1,1,1
1,1,18,1,0,2244,1,5,3,3,3,1,3,40,3,2,1,2,1,1,1
1,1,12,2,3,1655,1,2,4,2,1,4,2,27,3,1,1,3,1,1,1
1,4,18,4,3,2600,5,5,4,2,1,4,2,26,1,2,2,3,1,1,1
0,2,36,2,3,4619,1,3,4,3,1,2,4,28,1,2,2,3,1,2,1
1,4,6,2,2,1105,5,5,4,3,2,4,2,36,3,2,2,3,1,1,1
1,1,12,2,9,708,1,3,4,3,1,3,2,74,3,2,2,2,1,1,1
1,3,12,1,2,1957,1,5,4,3,1,4,3,22,3,2,1,3,1,1,1
1,3,9,3,0,1163,5,3,4,2,1,2,1,21,3,1,1,3,1,1,1
1,2,24,2,10,1371,5,2,2,2,1,4,1,42,3,2,1,2,1,1,1
0,2,12,2,2,1278,5,4,4,3,1,4,1,25,3,2,1,3,1,1,1
0,4,24,2,6,2604,1,2,3,3,1,4,2,37,3,1,2,2,1,2,1
1,4,18,2,0,2745,1,2,2,3,1,4,3,25,3,2,1,3,1,1,1
1,4,36,2,4,8169,5,4,4,2,1,3,1,28,3,2,1,3,2,2,1
1,4,28,2,3,4110,2,4,1,2,2,3,3,24,3,2,2,4,1,2,1
1,1,9,2,3,2241,1,3,4,3,1,3,3,28,3,2,1,3,1,1,1
0,4,12,1,9,903,1,2,3,3,1,2,1,21,3,1,1,3,1,1,1
1,4,18,2,2,2227,4,3,4,2,1,4,3,40,3,2,1,3,1,2,1
1,4,30,2,9,4272,5,4,4,2,1,4,4,37,3,2,1,3,1,2,1
0,1,6,2,0,672,1,2,4,2,1,4,2,31,3,2,1,4,1,2,1
1,4,24,2,2,3867,1,3,2,2,1,4,3,42,3,2,1,3,1,1,1
1,3,15,4,0,3104,5,2,4,3,1,1,1,34,3,2,2,2,1,1,1
1,4,9,2,0,590,5,4,4,3,1,2,1,49,3,2,1,3,1,1,1
1,1,6,4,0,912,1,3,4,3,2,2,1,30,3,2,1,2,1,1,1
1,4,12,2,1,4816,1,5,2,2,1,4,1,52,3,1,1,3,1,1,1
0,4,6,0,3,2774,1,2,2,2,1,4,3,37,1,2,1,3,1,2,1
1,3,24,2,9,8081,1,3,2,3,1,4,4,27,3,2,2,4,1,2,1
1,2,15,2,1,2852,3,5,3,3,1,4,3,48,1,2,2,3,1,2,1
0,1,9,0,2,664,1,5,4,3,1,2,2,42,3,2,1,3,1,1,1
0,4,24,2,3,1927,5,3,2,3,1,4,1,41,3,2,2,3,1,1,1
1,2,12,2,0,2389,1,2,2,3,1,1,3,53,3,2,1,3,1,2,1
0,4,30,2,2,2246,1,3,4,2,1,3,3,28,3,2,1,3,1,1,1
1,2,36,2,0,1804,1,5,4,2,1,4,3,34,3,2,1,3,1,2,1
0,2,36,2,3,7243,5,3,2,3,1,4,4,42,3,3,1,3,1,2,1
1,1,12,4,0,748,1,4,1,3,1,2,1,36,3,2,1,3,2,1,1
1,2,9,4,6,1197,1,2,4,3,1,2,2,24,3,2,1,2,1,1,1
1,1,12,2,9,3298,1,5,2,2,1,4,4,46,1,3,2,3,2,1,1
1,1,24,4,0,7750,1,3,1,3,3,3,1,24,3,1,1,3,2,2,1
0,2,21,4,2,1352,1,3,2,3,1,3,1,25,3,2,2,2,1,1,1
1,1,12,1,3,2768,1,3,2,3,1,4,2,59,3,2,1,3,1,1,1
1,4,8,2,0,1553,1,2,4,4,1,1,3,29,3,2,1,3,1,2,1
1,3,48,2,3,9564,4,3,4,3,1,4,3,38,3,2,1,3,1,1,1
1,1,12,4,3,1534,1,3,4,1,1,2,1,24,3,1,2,3,1,2,1
1,3,12,2,9,1500,3,3,3,3,1,4,1,37,3,2,1,2,1,1,1
1,2,15,2,3,2613,2,2,3,4,1,3,3,26,3,1,1,3,2,2,1
1,4,36,2,3,1260,1,4,4,2,1,2,1,25,3,2,2,3,1,2,1
1,2,60,2,3,11009,5,3,4,3,1,3,3,25,3,2,3,4,1,2,1
1,1,24,2,0,908,1,5,4,1,3,4,3,33,2,2,1,2,1,1,1
0,4,10,2,4,976,1,3,3,3,1,2,3,39,3,3,1,3,1,2,1
0,1,12,2,0,2687,2,1,1,2,1,1,1,30,1,1,2,2,1,2,1
1,4,15,2,0,3887,5,5,2,3,1,3,2,32,3,2,1,3,1,1,1
1,1,48,2,1,3606,5,4,4,3,1,2,4,55,3,3,1,3,1,2,1
1,3,30,2,2,4111,1,2,3,3,1,4,2,45,1,2,2,2,1,2,1
1,2,12,2,3,1567,1,4,1,3,1,4,1,29,3,2,2,2,1,1,1
0,1,60,2,0,7503,1,4,4,2,1,4,4,41,3,3,2,4,1,2,1
0,2,48,4,3,3123,5,3,3,2,1,4,4,26,3,2,1,2,1,1,1
1,1,18,4,0,7328,3,5,3,3,1,3,4,37,2,3,2,3,1,1,1
1,4,12,4,3,9078,2,4,2,2,1,4,2,58,2,2,3,2,2,2,1
1,4,6,4,1,2302,3,4,4,3,3,2,1,51,3,2,1,3,1,1,1
1,4,36,4,6,1193,1,1,4,2,1,4,1,46,3,2,1,3,1,1,1
1,4,9,0,0,801,2,3,2,4,1,1,1,27,3,2,1,3,1,1,1
0,4,15,4,0,5074,1,2,4,3,1,2,2,39,3,2,3,3,1,2,1
1,2,42,2,3,7513,1,5,3,2,1,2,3,75,1,2,4,4,1,2,2
0,1,24,2,3,12688,1,1,2,2,1,2,4,27,1,3,1,3,1,2,1
1,1,24,1,3,5506,5,1,4,3,1,4,3,25,3,2,1,3,1,2,1
1,2,20,3,0,1178,1,5,3,3,1,3,1,38,3,2,2,2,1,1,1
1,1,24,2,0,1635,5,3,4,2,1,3,3,24,3,2,1,2,1,1,1
1,2,18,4,0,4211,1,5,1,4,1,4,3,60,3,2,2,3,2,2,1
0,1,36,4,3,5800,1,4,4,2,1,4,4,31,3,3,1,4,1,2,1
1,4,24,2,9,2970,5,5,4,2,1,4,3,49,2,3,2,3,1,1,1
1,1,15,2,0,4239,2,3,3,3,1,3,1,28,1,2,1,3,1,1,1
0,1,24,3,9,7814,1,3,2,3,1,3,3,36,3,2,1,3,1,2,1
1,4,18,0,1,3349,1,4,3,3,1,1,2,30,1,2,1,4,1,2,1
0,1,15,2,0,1823,3,3,2,4,3,4,2,66,3,2,1,3,1,2,1
0,3,30,2,2,6322,4,2,2,3,1,3,4,24,3,3,1,2,1,2,1
1,4,10,2,2,1069,1,4,4,3,1,1,2,33,3,2,1,3,1,1,1
1,1,12,2,3,1083,2,5,4,3,1,2,3,57,3,2,1,3,1,1,1
1,1,36,2,3,4041,5,3,1,2,1,4,3,45,3,2,2,3,1,1,1
1,1,24,2,0,3968,1,5,3,3,1,4,3,49,3,2,1,3,1,1,1
1,3,24,1,2,9570,2,4,2,2,1,2,4,28,1,2,1,3,1,2,1
1,4,12,2,0,1053,2,3,3,2,1,1,3,28,3,2,2,3,1,2,1
1,2,11,4,5,1297,4,3,4,2,1,2,3,40,3,2,2,4,1,1,1
1,1,36,2,1,1443,1,2,4,3,1,2,1,24,3,2,1,1,1,1,1
0,2,6,2,2,1216,1,4,4,4,1,2,2,36,3,2,1,2,1,1,1
1,4,12,4,2,1865,1,3,4,3,1,4,3,48,3,2,4,3,2,1,1
0,1,24,1,10,2421,5,5,3,3,1,2,3,33,3,2,1,3,1,1,1
1,4,18,4,2,1547,1,3,4,3,1,1,3,27,2,2,2,2,1,2,1
1,2,24,2,0,1924,3,3,4,3,1,2,2,25,3,2,1,2,1,1,1
0,1,12,2,1,1005,5,2,2,3,1,3,1,26,1,1,1,4,1,1,1
1,4,18,2,0,2997,5,3,3,1,1,2,1,28,3,1,2,3,1,1,2
1,1,48,2,9,8893,1,4,2,3,1,2,3,23,3,2,1,2,1,1,1
0,1,24,4,3,2983,1,3,4,3,1,2,1,45,3,2,1,3,2,1,1
1,4,12,3,1,1362,3,3,4,2,1,4,4,25,3,2,1,4,1,2,1
0,1,12,1,6,2297,1,2,2,1,3,3,2,42,1,1,1,3,1,2,1
0,2,24,4,0,3727,1,5,4,3,1,4,3,56,3,2,2,3,2,2,1
1,4,9,3,0,1364,5,5,4,1,1,2,3,37,3,2,1,3,1,1,1
1,4,24,0,0,4299,1,3,2,3,1,2,2,23,3,2,1,3,1,2,1
1,4,6,2,2,935,1,3,2,4,3,2,2,27,3,2,1,3,1,1,1
0,1,12,2,1,1473,3,1,3,3,1,2,4,32,3,2,1,2,2,2,1
1,4,12,0,10,1322,1,2,3,3,2,1,2,26,3,3,1,3,1,2,1
1,4,12,2,4,2629,1,5,2,2,1,3,2,65,3,2,2,4,1,1,1
0,4,9,3,1,3049,1,4,2,1,1,4,4,40,3,2,1,3,1,1,1
1,4,24,3,3,1408,4,4,4,2,1,3,2,39,3,2,2,3,1,1,1
1,4,36,4,9,1409,2,3,4,2,1,2,2,26,3,2,1,3,1,1,1
1,4,7,4,3,2549,1,3,3,3,1,3,3,30,3,2,2,3,1,1,1
1,1,12,3,3,1741,1,3,3,3,1,4,1,22,3,1,1,2,1,1,1
0,4,34,4,0,4272,1,3,3,3,1,4,1,47,3,2,2,3,1,1,1
0,1,18,3,2,2100,1,5,4,3,3,2,4,47,3,3,1,3,1,2,1
1,1,60,4,2,12694,5,3,2,3,1,2,3,23,2,2,2,2,1,1,1
0,4,24,1,6,5742,5,3,2,2,1,2,4,25,1,2,1,4,2,2,1
1,4,6,3,2,1047,3,4,2,3,1,4,4,63,2,2,2,3,2,2,1
1,4,9,2,3,1287,1,5,2,3,1,4,3,42,3,2,2,3,1,1,1
1,1,15,2,2,1319,3,5,4,2,1,4,1,27,3,2,1,3,1,1,1
1,3,9,1,0,936,1,1,4,3,1,1,3,53,3,2,1,3,2,2,1
1,4,18,2,9,4772,4,5,3,1,2,4,3,48,3,2,1,3,1,2,1
1,4,36,4,0,3356,2,4,4,2,1,4,3,37,3,2,2,3,2,1,1
1,2,21,2,2,2281,4,3,1,3,2,4,2,42,3,2,1,3,1,1,1
1,4,24,2,5,1372,4,5,4,4,1,4,1,50,3,1,2,2,1,1,1
1,1,18,3,0,1323,1,4,4,3,1,2,3,30,3,2,2,4,1,2,1
1,2,18,2,0,6051,1,4,1,3,1,4,1,25,3,2,1,3,1,1,1
1,3,21,2,6,2519,5,4,4,2,1,2,3,39,3,2,1,3,1,2,1
1,4,9,2,1,469,5,5,4,3,3,4,1,35,3,1,1,3,1,2,1
1,1,18,1,3,2576,1,5,4,4,1,2,3,47,3,2,1,3,1,1,1
1,4,18,0,0,1381,1,4,3,2,1,4,3,23,3,2,1,3,1,1,1
1,2,21,4,3,1374,1,4,4,2,1,3,1,42,3,2,2,2,1,1,1
0,4,24,2,2,4678,1,3,2,3,1,4,3,29,3,2,2,3,1,1,1
1,3,24,4,3,1977,1,3,4,3,1,2,2,25,2,2,2,3,2,2,1
1,1,6,4,3,1377,1,3,2,2,1,3,1,34,3,1,1,3,1,1,1
1,2,6,4,3,1128,1,2,4,4,1,4,3,33,3,2,1,3,1,1,1
1,4,21,2,1,5179,1,3,3,3,1,2,2,49,3,2,1,3,1,2,1
0,1,36,4,1,6466,1,4,4,3,1,2,2,37,3,1,4,3,1,1,1
1,4,9,2,2,5740,3,3,1,2,1,4,2,31,1,2,2,3,1,2,1
0,2,48,4,10,7824,1,2,2,2,1,4,2,47,1,2,2,3,1,2,1
1,4,12,2,6,1886,1,3,4,2,1,3,3,36,3,2,1,3,1,2,1
1,4,6,2,10,638,1,2,2,2,1,1,1,26,3,1,2,3,1,1,1
1,1,6,4,2,1424,1,3,2,3,1,2,1,31,3,2,2,3,1,1,1
1,4,18,4,0,3018,5,5,4,2,1,4,3,31,3,2,1,3,1,1,1
0,2,48,3,9,4146,1,4,4,3,1,2,4,54,1,2,2,3,2,1,1
0,4,12,2,1,2285,1,3,4,3,1,2,1,24,3,2,2,3,1,1,1
0,2,12,2,1,2893,1,1,1,3,1,1,3,22,3,2,1,4,1,1,1
0,1,15,2,3,7421,1,4,1,2,1,1,3,22,3,2,1,3,2,2,1
1,2,6,2,3,393,5,4,4,2,1,4,2,57,1,2,1,2,1,1,1
1,4,20,2,3,1287,2,4,4,3,1,4,3,39,3,3,1,3,1,1,1
1,3,24,2,9,3658,3,1,2,3,3,2,1,35,3,2,2,3,1,1,1
1,4,9,4,0,1393,1,3,4,3,2,1,1,27,3,2,1,3,1,1,1
1,4,29,2,3,9461,5,3,1,1,1,1,3,28,3,2,2,3,1,1,1
1,4,12,4,0,762,1,5,4,3,1,4,1,35,3,2,2,3,1,1,1
1,4,4,2,0,1512,1,3,3,3,1,1,1,26,2,2,1,2,1,1,1
1,4,18,2,3,1939,1,4,2,3,1,4,1,63,1,2,1,2,1,2,1
1,1,8,4,2,1549,1,2,2,3,1,2,1,35,3,2,1,2,1,1,1
1,1,18,4,9,3941,1,5,4,3,3,2,3,42,1,2,2,3,1,1,1
1,2,12,3,0,6861,5,5,1,2,1,2,4,36,3,2,2,3,1,1,1
1,4,11,4,3,1295,4,3,4,3,1,2,3,24,3,2,2,3,1,1,1
1,2,12,2,0,1817,1,4,2,4,1,4,3,42,3,2,2,3,1,2,1
0,1,18,3,2,1409,1,2,4,4,1,1,3,34,3,2,1,2,1,1,1
1,4,12,2,2,1993,1,5,1,2,1,1,1,24,3,1,1,2,1,1,1
0,4,18,1,3,2689,1,4,1,3,1,4,2,26,3,2,1,2,1,1,1
1,4,24,2,3,9010,3,3,1,3,1,4,3,26,3,2,1,3,2,1,1
1,1,15,3,2,424,1,3,4,3,1,4,1,34,3,1,2,1,1,1,1
1,1,24,4,1,1919,1,1,4,3,3,2,3,23,3,2,1,2,1,1,1
1,3,12,1,3,630,2,1,4,1,1,4,1,22,3,1,1,3,1,1,1
1,1,12,0,3,9944,1,1,1,2,2,2,4,40,1,2,1,3,1,1,1
1,4,45,2,3,2384,3,2,4,3,1,3,3,27,3,2,1,2,1,1,1
0,1,24,2,9,1941,5,5,4,3,1,2,2,28,3,1,1,2,2,1,1
1,1,15,4,9,1352,4,5,4,3,1,4,1,36,3,2,2,1,1,1,1
1,4,24,4,0,8779,2,4,3,2,1,1,2,29,3,1,2,4,1,2,1
1,4,12,4,0,1817,5,2,2,3,1,2,1,23,3,2,1,2,2,1,1
0,1,24,2,0,4413,5,3,3,2,1,2,3,26,3,2,1,3,2,1,1
0,4,36,4,3,7728,4,4,4,3,1,2,2,30,2,1,2,4,1,1,1
1,2,52,4,2,1940,1,5,4,1,1,2,3,35,3,2,1,3,1,1,1
1,1,36,4,2,10132,1,4,1,3,1,2,3,43,3,2,2,3,1,1,1
1,1,18,0,2,1262,1,3,4,3,1,2,2,34,3,2,1,3,1,1,1
1,2,36,4,5,14660,2,5,4,2,1,1,3,32,3,2,2,3,1,2,1
1,4,24,3,2,7607,1,5,2,3,1,4,4,40,3,2,3,3,2,1,1
1,4,15,2,9,751,4,4,2,4,1,3,1,59,3,2,2,3,2,2,1
1,1,20,4,0,3708,1,5,2,4,1,2,2,39,3,1,2,3,1,2,1
1,1,18,2,2,4594,1,1,2,2,1,4,4,24,1,2,1,3,1,2,1
1,4,12,2,9,717,5,5,4,3,1,2,1,34,1,1,1,3,1,2,1
0,1,24,2,0,8085,4,3,3,2,1,4,3,23,3,2,1,3,1,2,2
0,1,24,2,6,5017,5,5,1,3,1,4,2,46,3,2,1,3,1,2,1
1,2,60,2,9,7471,1,3,4,1,2,2,4,32,1,2,2,4,1,2,1
1,4,36,2,0,3812,1,2,3,1,1,4,3,20,3,2,1,3,1,1,1
1,1,12,0,0,2710,1,3,3,2,1,3,3,20,3,1,1,4,1,1,1
1,2,18,2,5,1475,1,3,4,4,1,4,1,31,3,2,1,3,1,1,1
0,1,14,4,2,1262,1,1,4,3,1,2,2,25,2,2,2,3,1,2,1
0,1,60,2,0,14846,1,1,2,3,1,2,3,23,3,2,1,4,1,2,1
1,4,12,2,0,1372,5,3,4,2,1,4,2,57,3,2,2,4,1,2,1
1,2,24,2,2,2443,1,3,4,4,1,3,1,40,3,2,1,3,1,2,1
1,2,30,2,6,2962,1,5,4,2,1,4,4,60,3,3,1,3,1,2,2
1,4,24,3,2,8881,5,3,2,2,1,4,1,27,3,1,2,3,1,2,1
0,1,15,2,3,1533,1,3,4,3,1,1,2,20,3,2,1,2,1,1,1
1,4,12,2,1,718,1,4,2,3,1,2,2,20,3,2,1,2,1,1,1
1,2,24,3,10,2149,3,5,4,2,1,2,3,43,3,2,2,2,1,2,1
1,2,24,4,3,3832,1,5,4,3,1,4,2,42,3,2,2,4,1,1,1
1,1,18,2,3,2572,4,2,1,2,3,4,1,31,3,2,1,2,1,1,1
1,1,27,2,0,3193,1,5,3,3,1,4,1,29,3,2,2,3,1,2,1
1,2,21,2,3,3059,1,3,3,3,1,4,4,43,1,2,1,4,2,1,1
0,4,48,3,9,5502,1,5,4,3,3,4,3,52,3,3,1,3,1,1,1
1,4,12,4,1,1365,1,2,1,3,1,2,1,60,3,2,3,3,1,1,1
0,1,30,2,2,2661,1,3,4,2,1,4,4,27,3,2,2,3,1,2,1
1,4,30,1,1,8486,5,4,4,2,1,1,4,41,1,3,1,4,1,1,1
0,1,10,2,0,1231,1,1,3,1,1,3,3,27,3,2,2,3,1,2,1
0,4,48,0,0,4795,1,5,4,3,1,2,3,27,3,2,2,4,1,2,1
1,1,24,4,3,6073,1,3,1,2,1,3,1,44,3,2,2,2,1,1,1
1,4,36,2,3,2202,4,4,4,4,1,4,4,52,3,2,1,3,1,2,1
1,2,36,2,0,3566,1,2,4,2,2,2,1,54,2,2,1,2,1,1,1
0,1,24,4,6,2059,1,3,4,3,1,4,4,30,3,3,2,3,2,2,1
1,1,27,2,9,10821,1,4,2,1,1,4,4,31,3,3,1,3,1,1,1
1,1,12,2,1,2081,1,1,1,2,1,3,1,24,3,1,1,2,1,1,1
1,1,11,4,2,1478,5,3,4,3,1,2,3,58,3,2,1,4,2,2,1
0,1,18,2,1,4665,1,3,4,2,1,4,2,33,3,2,2,4,1,2,1
1,1,18,4,2,1546,1,4,3,3,2,1,1,30,3,2,2,3,1,2,1
1,4,10,3,2,2186,1,2,4,2,1,2,2,37,3,2,1,3,1,2,1
1,1,36,2,6,5376,1,5,4,2,1,4,4,46,3,2,1,4,2,2,1
1,4,6,4,3,518,5,5,4,2,1,3,1,35,3,2,1,3,1,2,1
1,4,8,1,3,1767,1,1,2,3,1,1,1,21,2,1,1,4,1,1,1
1,4,12,3,3,865,4,2,4,2,1,2,2,30,3,2,1,1,1,1,1
1,2,24,4,2,3552,1,5,4,2,1,4,4,52,3,3,1,3,1,2,1
0,2,18,3,3,4619,1,3,4,2,1,4,1,31,3,1,1,4,1,1,1
1,2,6,2,6,743,1,5,2,3,1,2,1,52,3,2,2,3,1,1,1
1,1,12,2,10,1567,1,5,2,3,1,2,1,35,3,1,2,3,1,1,1
1,4,36,4,0,3446,2,3,4,2,1,4,3,30,3,2,1,3,1,1,1
1,2,27,2,2,1409,2,2,1,3,1,3,2,20,3,1,1,2,1,1,1
1,1,7,0,1,1473,1,1,1,2,1,1,3,37,3,3,1,3,1,1,1
1,2,9,2,2,3914,1,2,1,3,1,4,3,28,3,2,1,4,1,2,1
0,2,36,4,0,1964,1,5,4,3,1,1,3,30,3,2,1,4,1,1,1
0,2,24,0,3,7712,1,2,1,3,1,2,3,35,1,2,1,3,2,2,1
0,2,15,4,2,1275,5,5,3,2,1,1,2,35,1,2,1,3,2,1,1
0,4,15,2,2,1601,1,2,4,2,3,1,2,36,2,2,1,4,1,2,1
0,1,32,2,3,9313,1,3,1,3,1,4,2,23,3,2,1,4,1,1,1
1,4,24,4,3,3612,5,4,4,3,3,4,3,36,3,2,1,3,1,2,1
0,2,24,2,3,10130,5,2,1,2,1,4,1,25,1,2,1,3,1,1,1
1,4,18,1,3,2212,2,5,1,3,1,4,4,37,3,3,1,4,1,2,1
1,4,60,2,9,3591,5,5,3,2,1,1,3,24,3,2,1,3,1,2,1
1,4,7,4,2,3590,1,3,3,3,3,2,1,48,3,2,1,3,1,1,1
1,1,24,2,1,2098,3,2,3,3,1,4,3,21,3,2,1,2,1,1,1
1,1,24,4,3,3644,1,5,4,2,1,4,4,20,1,2,2,4,1,2,1
0,1,33,4,2,1683,1,3,4,2,1,2,1,45,3,1,1,3,1,1,1
1,1,6,2,9,717,1,3,3,3,1,3,1,42,1,2,1,2,1,1,1
1,2,36,4,2,1595,1,3,4,2,3,2,3,34,3,1,2,3,1,2,1
1,4,12,4,2,887,1,3,4,2,1,2,1,24,3,1,1,3,1,1,1
1,4,6,4,3,1473,5,3,1,4,1,1,1,34,3,2,2,2,1,1,1
0,1,18,2,3,2116,1,2,2,3,1,2,1,35,3,2,1,2,2,1,1
1,4,9,4,0,1827,5,5,2,3,1,2,3,26,3,2,1,2,1,2,1
1,4,36,2,2,1217,3,3,4,3,1,4,4,27,3,2,2,2,2,1,1
1,1,48,4,3,8084,1,5,2,4,1,4,4,36,3,3,1,4,1,2,1
1,1,24,4,0,8085,5,3,2,3,1,2,4,33,3,2,1,3,1,2,1
1,4,24,2,3,1773,1,3,4,2,1,4,3,33,3,2,1,2,1,1,1
0,2,15,2,0,1998,2,1,4,3,1,4,1,33,3,2,1,4,1,1,1
0,2,9,2,0,1364,1,4,3,3,1,2,1,45,3,2,1,3,2,1,1
1,2,21,4,0,1801,5,5,4,3,1,4,4,25,1,2,1,4,1,1,1
1,4,12,4,5,1381,5,5,4,2,1,4,1,35,3,1,2,3,1,1,1
0,1,48,2,0,2610,2,3,4,2,1,4,2,32,3,2,1,2,1,1,1
1,4,24,4,4,3415,1,5,4,3,1,4,2,44,3,2,4,3,2,1,1
1,1,6,4,3,1040,4,3,1,3,1,4,2,74,1,2,2,3,1,1,1
0,1,12,0,5,3806,1,3,2,4,1,1,3,30,1,2,1,3,2,1,1
1,3,9,2,0,1420,2,3,4,3,1,2,2,28,3,2,1,3,1,2,1
1,2,48,2,1,11790,4,2,3,3,1,3,3,31,3,2,1,3,1,2,1
1,2,10,3,9,2383,1,5,2,3,1,4,4,40,3,2,1,3,1,1,1
1,1,30,1,2,7683,1,1,3,3,1,2,3,42,3,2,1,4,1,2,1
0,1,18,2,3,3398,2,3,4,2,1,3,3,28,3,2,1,3,1,1,1
0,2,12,2,8,2475,4,2,4,3,1,2,2,35,3,2,1,3,1,1,1
1,4,12,3,3,1398,5,3,3,3,1,1,3,28,3,2,1,3,1,2,1
1,4,4,2,0,3181,1,3,1,3,1,2,2,43,3,1,1,3,1,2,1
0,1,42,3,3,5088,1,5,3,2,1,4,4,36,3,3,2,3,1,1,1
1,4,12,1,3,1226,1,3,3,2,1,3,2,22,3,2,1,2,2,1,1
1,2,15,4,0,2206,1,2,2,3,1,4,1,41,3,1,2,2,1,1,1
1,2,60,3,3,11921,5,5,4,2,1,2,4,35,3,2,1,3,1,2,1
1,4,12,1,3,5652,5,5,3,3,1,4,3,64,3,2,1,3,1,2,1
0,3,12,4,3,1418,2,3,4,3,1,1,3,29,3,2,1,3,1,1,2
1,2,18,3,2,1366,1,5,4,2,1,2,1,74,3,2,1,3,1,2,1
1,2,12,1,3,3392,3,5,3,2,1,2,1,25,1,2,1,3,1,2,1
1,2,15,2,9,1042,4,4,4,3,1,4,1,33,3,2,1,2,1,1,1
1,4,21,2,0,1478,1,4,4,3,1,3,3,31,3,3,2,3,1,1,1
1,4,18,4,3,3626,1,2,4,2,1,3,3,27,3,3,1,3,1,1,1
1,4,12,4,3,865,5,5,2,2,1,2,4,42,3,3,2,2,1,2,1
1,1,30,4,9,9004,1,3,3,2,1,4,3,65,3,3,1,3,1,1,2
1,1,18,1,3,1344,2,2,4,3,1,3,2,24,1,2,1,3,1,1,1
1,2,12,0,6,528,1,3,4,3,1,4,1,22,3,2,1,2,1,2,1
1,4,15,4,3,2444,2,3,4,2,1,4,2,53,3,2,1,3,1,1,1
1,4,24,2,2,5104,4,2,1,3,2,2,1,27,3,1,1,2,1,2,1
1,2,15,2,3,1536,1,3,4,3,1,1,3,47,3,2,1,3,1,2,1
1,4,21,3,0,2404,5,3,4,1,1,2,4,35,2,2,1,3,1,2,1
1,3,24,1,0,2745,4,4,4,3,1,2,2,37,3,2,1,3,2,1,1
1,4,10,4,5,900,5,5,4,1,1,3,3,50,1,2,1,3,2,2,1
0,1,30,2,0,1987,5,2,4,3,1,4,4,27,3,2,1,3,1,2,1
1,1,12,2,1,1480,1,4,4,2,1,4,4,51,3,3,1,4,1,2,1
1,4,12,4,0,1914,1,2,1,3,1,2,3,28,3,2,1,3,1,1,2
1,2,12,2,3,2684,1,4,2,4,1,2,3,24,3,2,1,3,1,1,1
0,3,12,2,3,1327,1,5,4,3,1,4,2,49,3,2,2,3,1,1,1
1,2,15,2,2,3078,4,5,1,2,1,3,3,31,3,2,1,4,1,2,1
1,2,24,2,6,12099,1,2,1,2,1,3,1,41,3,2,1,3,1,2,1
1,2,18,3,2,3973,1,3,4,3,1,2,2,48,1,2,1,4,1,1,1
1,2,39,2,9,1744,1,5,4,2,1,1,4,23,3,2,1,3,1,1,1
0,1,18,3,0,1262,1,3,4,3,1,1,4,27,3,2,1,3,1,1,1
1,4,6,3,3,1157,5,3,4,4,1,3,3,33,3,2,2,3,2,1,1
0,2,21,3,8,1253,1,3,3,3,3,4,3,40,3,2,2,2,1,1,1
1,4,24,2,0,3059,5,3,4,2,1,2,3,49,3,2,2,4,1,1,1
1,4,18,4,3,10132,5,2,2,3,1,4,4,38,3,2,1,3,1,2,1
0,1,36,2,9,4461,3,5,2,3,1,4,4,65,2,2,1,3,2,1,1
1,1,12,1,3,2332,1,2,1,3,3,2,1,21,3,1,1,2,1,1,1
0,4,6,2,0,366,1,3,3,2,1,2,1,30,3,2,1,3,1,1,1
1,1,12,3,2,6452,1,3,1,3,1,2,3,27,3,2,1,3,2,1,1
1,4,12,4,2,2749,1,1,1,2,1,1,2,38,3,2,1,3,1,1,1
1,3,12,2,3,1898,5,2,4,3,1,4,1,48,3,1,1,3,1,1,2
0,2,18,2,3,1568,1,3,4,4,1,2,3,26,3,2,1,3,1,1,1
0,1,24,4,0,2018,1,3,4,3,2,2,4,44,3,2,2,2,1,2,1
1,2,6,2,3,930,1,5,4,2,1,4,1,26,3,1,1,2,2,1,1
1,3,12,4,0,2699,5,2,1,3,1,1,2,27,3,2,2,3,1,2,1
1,1,6,2,3,652,1,2,4,4,1,2,1,31,3,2,2,4,2,1,1
0,2,42,2,3,7408,1,5,4,3,1,2,2,23,3,1,1,2,1,1,1
1,2,30,2,3,4581,4,3,1,3,1,4,4,48,3,3,1,2,1,1,1
1,4,48,4,2,2478,4,3,4,4,1,1,3,33,3,2,1,2,1,2,1
1,2,36,4,0,1330,1,5,4,3,1,4,3,42,3,2,2,4,1,2,1
1,4,60,1,3,12356,3,2,4,3,1,2,3,28,3,2,1,3,1,2,1
1,4,15,2,0,1228,3,5,1,3,1,2,2,35,3,2,2,3,1,2,1
1,4,20,2,3,1287,1,5,1,4,1,3,1,25,3,1,2,2,2,1,1
1,3,21,4,1,2331,2,4,3,3,1,4,1,39,3,2,2,2,1,2,1
1,4,24,2,0,5018,1,2,1,3,1,2,1,23,3,1,1,3,1,1,1
1,4,24,4,1,7306,1,5,4,3,1,4,1,63,3,2,2,3,1,2,1
1,4,15,2,9,1553,1,5,4,1,1,4,3,56,3,3,1,3,1,1,1
0,2,24,2,3,2372,1,2,4,3,1,4,1,28,3,2,2,3,1,1,1
1,3,24,4,1,1503,5,1,4,2,1,2,2,23,3,2,1,2,1,1,1
1,1,6,2,3,433,1,2,4,3,3,2,1,29,3,1,1,2,1,1,1
1,4,12,2,0,1980,5,4,4,3,1,4,3,28,3,2,1,3,1,1,1
0,1,36,2,3,9024,1,4,2,3,1,4,3,66,3,2,2,4,1,2,1
1,1,24,2,2,7480,1,3,2,3,3,4,4,41,1,2,1,3,1,2,1
1,2,48,1,3,12202,1,1,2,3,1,2,1,23,2,2,1,3,2,2,1
1,4,6,2,3,795,5,5,4,4,2,1,1,33,3,2,1,3,1,2,1
1,4,6,4,3,676,2,4,2,2,1,4,1,27,3,1,2,2,1,2,1
1,1,15,2,1,1883,1,5,4,2,1,4,2,54,3,2,1,3,1,2,1
1,1,12,2,3,1344,1,1,4,3,1,4,3,35,3,2,1,3,1,1,1
1,4,21,2,3,1478,2,4,2,2,1,2,3,22,3,2,2,3,1,2,1
1,4,24,4,3,1139,4,5,4,4,1,4,1,33,3,1,2,3,1,1,1
0,4,6,2,2,1256,1,5,4,3,1,4,3,30,3,3,2,3,1,2,1
