Creditability,Account.Balance,Duration.of.Credit..month.,Payment.Status.of.Previous.Credit,Purpose,Credit.Amount,Value.Savings.Stocks,Length.of.current.employment,Instalment per cent,Sex...Marital.Status,Guarantors,Duration in Current address,Most.valuable.available.asset,Age..years.,Concurrent.Credits,Type.of.apartment,No of Credits at this Bank,Occupation,No of dependents,Telephone,Foreign Worker
1,1,12,2,0,1227,5,4,3,3,1,2,2,49,1,2,2,2,1,1,1
1,4,18,2,6,1245,3,3,4,2,1,1,1,31,1,2,1,3,1,2,1
0,1,21,2,3,4771,5,2,1,2,1,3,3,42,3,2,1,4,1,2,1
1,2,24,1,3,7381,1,2,1,2,1,2,4,35,3,2,1,4,1,2,1
1,4,36,2,0,7127,1,4,4,3,1,4,2,28,3,1,1,3,2,1,1
1,2,12,2,3,2406,1,3,3,3,1,2,2,22,3,2,1,3,1,2,1
1,2,24,4,3,4115,1,3,2,3,1,2,3,37,3,2,2,2,1,1,1
0,1,48,0,2,9063,1,1,4,3,3,2,2,31,3,2,1,3,1,2,1
1,4,24,2,0,7876,1,3,2,3,1,2,3,28,3,3,1,3,1,2,1
1,1,10,2,0,2521,1,4,2,2,1,4,2,40,3,3,1,3,1,1,1
1,2,12,4,2,444,1,3,4,3,1,2,4,40,3,2,1,3,1,2,1
0,1,18,2,3,2117,1,4,1,3,1,4,1,23,2,1,2,1,1,1,1
1,4,45,2,3,12614,1,3,4,3,1,3,4,26,3,3,1,3,1,2,1
1,4,9,4,0,1163,5,4,4,2,1,4,2,27,3,1,2,3,1,2,1
0,1,15,2,0,2700,2,4,4,2,1,4,3,37,2,2,2,3,1,1,1
0,2,12,4,2,2689,1,4,2,2,1,1,3,36,1,2,2,3,2,2,1
0,2,21,2,0,1295,3,2,4,3,1,1,2,24,1,2,1,2,1,1,1
1,1,11,4,2,398,1,5,4,2,1,4,3,33,3,2,4,2,1,2,1
1,1,30,4,1,1379,1,5,4,3,1,2,3,25,3,2,1,3,1,1,1
1,2,24,2,0,1978,2,1,4,3,1,2,2,23,3,2,1,3,1,1,1
0,1,36,4,6,4727,1,1,1,3,1,1,2,19,3,1,1,2,1,1,1
0,4,24,2,2,1764,1,5,4,3,1,4,3,32,1,2,1,3,1,1,1
0,4,48,2,6,10434,3,5,3,2,1,4,3,30,3,2,2,3,1,2,1
0,1,60,2,3,10947,1,3,2,2,1,4,3,31,1,3,2,3,1,2,1
0,1,6,3,2,787,1,3,1,3,1,4,3,33,3,2,1,2,1,1,2
0,3,15,2,3,1597,1,1,4,4,1,3,2,23,3,2,1,3,1,1,1
0,1,15,0,1,2319,1,2,1,2,1,3,3,20,1,1,1,2,1,1,1
1,4,36,4,6,4447,2,3,4,3,1,1,3,61,3,2,1,3,1,2,1
1,1,12,4,2,1339,1,5,1,2,1,4,3,34,3,2,2,2,1,1,1
1,1,10,2,0,2140,5,3,2,2,1,2,1,48,3,2,1,3,1,2,1
1,2,10,3,0,1236,5,4,3,3,1,4,1,32,3,2,1,3,1,2,1
1,4,36,4,3,7143,1,3,3,3,1,2,3,26,3,2,1,3,1,1,1
1,4,12,2,5,3572,4,5,2,3,1,4,3,63,3,2,2,3,1,1,1
0,2,18,4,0,1239,1,5,4,2,1,4,2,49,3,2,2,3,1,1,1
1,2,15,2,9,1646,1,2,4,3,1,1,3,25,2,2,1,3,1,1,1
0,4,24,2,1,4280,1,5,1,2,1,4,3,25,1,3,2,2,1,1,1
1,4,12,3,3,1185,1,5,4,3,1,3,1,42,3,1,2,3,1,1,1
1,4,6,2,1,1101,3,2,3,3,1,2,2,23,3,2,1,3,1,1,1
0,4,18,2,3,2384,1,4,4,2,1,4,3,27,3,2,1,4,1,1,1
1,2,15,2,2,3974,1,2,3,3,1,1,1,38,3,2,1,4,1,2,1
1,4,30,2,1,5894,5,1,2,3,1,2,2,25,1,1,2,3,1,1,1
0,1,36,1,3,7053,1,3,4,1,1,4,4,29,3,3,1,3,1,1,1
1,4,18,3,0,6187,1,3,1,3,1,3,3,72,3,3,1,4,2,2,1
1,4,36,4,8,1376,5,3,4,2,1,4,3,49,3,2,2,3,1,2,1
0,3,12,4,0,2685,1,3,1,3,1,1,4,31,3,2,1,2,2,1,1
0,2,36,3,2,3385,1,3,2,3,1,3,3,26,3,2,2,3,1,1,1
1,4,15,4,2,1295,2,3,4,3,1,4,4,22,3,2,1,3,2,1,1
1,4,18,2,0,4600,5,2,2,3,1,4,3,25,3,2,1,3,1,1,1
0,2,18,2,2,2326,1,3,3,2,3,2,1,32,3,2,1,3,1,1,1
1,2,30,4,3,5180,1,4,1,2,1,2,2,44,3,2,2,3,1,2,1
0,1,30,2,3,5148,1,2,2,3,1,2,4,32,3,3,2,3,2,2,1
1,1,15,2,2,3756,1,1,3,3,1,1,4,23,3,3,1,3,1,1,1
1,4,48,4,9,3099,1,5,4,3,1,4,1,53,3,1,2,4,1,2,1
0,4,6,2,6,1262,5,3,3,3,1,4,3,28,1,2,1,2,1,1,1
1,2,36,2,3,7051,1,5,4,3,1,4,4,37,1,2,1,4,1,2,1
0,4,24,1,0,7162,1,3,4,2,1,1,1,25,1,1,1,3,1,2,1
1,2,30,4,9,1924,1,5,1,3,1,4,1,49,3,2,2,3,1,1,1
1,4,27,4,6,2333,5,3,4,3,1,2,2,27,3,2,2,3,1,2,1
0,2,9,2,3,748,2,3,4,3,3,3,3,23,3,2,2,3,1,1,1
1,4,30,2,3,2631,3,5,2,3,1,3,4,37,3,3,2,3,1,2,1
1,4,12,2,3,3160,5,1,1,3,1,2,1,20,3,2,1,1,1,1,1
1,2,12,4,3,2328,5,5,2,2,1,3,3,25,3,2,2,3,2,1,1
1,4,9,3,3,3059,1,3,1,2,1,3,3,51,3,2,1,3,1,2,1
0,4,12,4,2,3077,1,3,4,3,1,1,3,30,3,2,2,3,1,1,1
0,4,12,2,9,1410,1,3,4,3,1,3,1,62,3,2,2,3,1,2,1
1,1,10,4,1,3073,1,2,4,3,1,4,3,26,3,2,2,3,1,1,1
1,4,6,4,9,1216,1,3,4,2,1,2,3,57,3,2,2,4,1,1,1
1,1,36,2,3,1297,4,2,4,3,1,2,2,30,3,2,1,1,1,2,1
1,3,36,4,3,10362,5,5,1,1,1,4,3,36,3,2,1,3,1,1,1
1,4,36,4,3,10185,1,3,2,2,2,3,3,36,3,3,2,3,1,1,1
1,4,36,4,9,2426,1,4,4,3,1,4,3,39,3,2,1,4,1,1,1
0,1,24,2,2,2861,1,4,4,3,1,4,1,30,3,2,1,3,1,1,1
1,4,15,4,3,1300,3,5,2,3,1,4,1,36,3,2,2,2,1,2,1
1,4,36,2,9,2550,3,4,4,2,1,3,1,20,3,1,1,3,1,1,1
1,4,24,2,1,1386,5,5,4,3,1,4,2,31,1,2,1,2,1,2,1
1,4,9,4,6,1957,1,3,1,3,1,2,2,27,3,1,1,2,2,1,1
1,2,9,4,4,1364,1,3,2,3,1,4,1,62,3,2,2,3,1,2,1
1,3,24,3,0,2146,2,5,1,4,1,4,4,33,3,2,2,4,1,1,1
0,4,30,4,3,3443,4,4,4,3,1,4,3,35,3,2,1,4,1,1,1
0,1,21,2,1,2140,5,5,4,3,1,4,2,34,3,2,1,4,1,1,1
0,2,15,1,1,1049,1,2,2,4,1,1,3,23,3,1,1,3,1,1,1
1,1,10,1,3,1532,1,3,1,2,1,4,2,23,1,2,1,3,1,2,1
1,2,36,4,3,3123,1,5,4,2,1,4,1,48,3,1,3,3,1,1,1
0,1,30,1,6,4694,1,4,3,4,1,3,3,44,3,3,1,3,1,2,1
1,1,21,1,1,1409,2,3,4,3,2,4,2,32,3,2,1,3,1,1,1
1,4,21,2,5,4529,5,5,3,2,2,2,1,61,1,1,1,3,2,1,1
0,4,36,2,9,2852,1,2,4,2,1,1,1,24,3,1,1,3,1,1,1
0,4,36,2,1,4469,3,2,4,3,1,2,4,25,1,2,1,3,1,2,1
0,1,24,2,2,6757,4,3,4,2,1,4,4,47,3,2,1,4,1,2,1
1,4,6,2,2,1861,5,4,1,2,1,4,2,57,2,2,2,3,2,2,1
1,4,20,2,2,3495,3,4,2,3,1,3,3,47,3,1,2,3,1,1,1
0,2,15,4,3,1238,3,3,4,2,3,4,3,29,3,2,2,3,1,2,1
1,2,24,2,3,643,4,3,4,3,1,2,1,25,3,1,2,3,1,2,1
1,4,30,3,3,6563,5,3,4,2,1,4,3,27,3,2,1,4,1,2,1
1,4,15,2,3,1596,1,2,4,3,1,2,1,46,3,2,2,3,1,1,1
1,2,12,4,3,1020,1,2,4,3,1,2,2,40,3,2,2,2,1,2,1
1,4,24,1,9,3352,1,1,1,3,1,3,3,28,3,2,1,3,1,1,1
1,4,48,2,3,7173,1,4,4,4,1,2,4,51,3,3,1,3,1,2,1
1,4,36,2,10,7044,2,3,3,4,1,1,3,26,2,2,1,3,1,1,1
0,1,21,2,3,684,1,4,4,3,1,3,4,35,1,2,1,3,2,1,1
1,4,12,2,9,1542,5,5,4,3,1,2,1,26,3,2,2,2,1,1,1
1,4,30,2,1,5266,3,3,2,3,1,3,1,35,3,2,2,2,1,1,1
1,1,15,2,2,1048,1,5,3,2,2,2,2,46,3,2,1,3,1,2,2
1,3,6,2,3,1163,1,2,2,1,1,2,1,22,3,1,1,3,1,1,1
1,1,9,4,1,3355,1,2,1,2,1,3,1,36,3,1,2,3,1,1,1
1,4,24,2,3,1566,5,3,3,4,1,2,3,25,3,2,2,3,1,2,1
0,4,18,2,3,5211,5,5,4,3,1,2,2,38,2,2,2,3,1,1,1
1,1,6,2,0,904,5,4,3,1,2,1,4,39,1,2,1,3,1,2,2
1,4,24,2,2,975,5,4,4,2,1,3,1,24,3,2,1,2,1,1,1
1,1,18,2,3,1441,1,2,3,4,1,1,2,27,3,2,1,3,2,1,1
1,4,12,4,2,2068,3,5,2,2,1,4,3,42,3,2,2,4,1,2,1
0,3,18,4,0,3511,4,5,4,3,1,2,1,34,3,1,1,3,1,2,1
0,1,24,2,6,4639,1,3,1,1,2,2,4,47,1,2,1,2,2,1,1
1,4,12,0,9,2316,2,3,1,3,1,1,1,27,1,2,1,3,1,1,1
1,1,18,2,2,2238,5,2,3,3,1,3,1,25,2,1,1,3,1,1,1
1,1,15,2,0,1346,1,5,4,4,1,2,1,36,3,2,2,1,1,1,1
0,1,15,2,6,1172,1,2,4,3,1,3,3,26,3,1,2,3,1,2,1
1,4,36,3,0,12196,1,4,4,1,1,1,1,43,3,1,1,4,1,1,1
1,2,18,1,3,1230,1,4,3,2,1,4,1,39,3,2,1,3,1,2,1
0,4,24,2,0,2788,3,3,4,3,1,4,4,38,3,2,1,4,1,2,1
0,1,24,4,0,2758,1,3,4,3,1,3,1,50,3,1,1,3,1,1,2
1,4,12,2,2,1810,1,3,1,3,1,1,1,38,3,3,1,4,1,1,1
1,2,48,4,9,4279,5,3,4,1,1,4,3,26,3,2,1,3,1,1,1
1,1,9,4,0,3050,1,2,2,2,1,2,1,22,3,1,2,3,1,1,1
1,2,18,2,0,1881,1,3,4,2,1,3,3,35,3,2,1,3,1,1,1
1,4,15,2,3,1500,4,3,3,2,1,2,2,22,3,2,1,3,1,1,1
0,1,36,2,0,7229,1,4,1,3,2,4,2,31,3,2,2,3,2,1,1
1,2,24,2,0,1938,1,3,4,3,1,3,2,33,3,2,1,2,1,2,1
1,2,12,2,2,1284,2,4,3,3,1,4,3,42,3,2,2,2,1,1,1
1,3,10,2,9,4378,5,5,1,2,1,4,1,32,3,1,1,2,1,1,1
1,4,15,4,0,2334,5,3,1,3,1,4,1,26,3,2,1,3,1,2,1
1,4,18,3,9,3488,1,4,4,2,1,4,3,62,3,2,1,4,1,2,1
0,3,24,2,3,1393,1,2,4,4,1,2,3,31,3,2,1,2,1,2,1
0,1,12,2,0,1542,1,1,2,3,1,1,2,19,3,1,1,3,1,1,1
1,1,44,4,0,8124,1,3,1,3,1,2,2,23,3,2,1,4,1,2,1
1,1,13,2,3,495,2,3,4,3,3,4,1,23,3,1,1,2,1,1,1
1,4,48,2,3,1383,5,4,4,3,3,2,3,37,3,2,2,2,1,1,1
0,1,24,2,3,5803,4,1,1,3,2,3,1,23,3,2,2,3,1,1,1
1,3,12,0,0,1216,1,4,1,3,1,4,3,35,3,2,1,3,1,1,1
1,4,24,2,1,5122,1,3,2,4,1,3,1,33,3,1,1,4,1,2,1
1,1,24,2,9,6768,1,5,3,2,1,4,3,31,2,2,1,4,2,2,1
1,2,30,2,0,14355,2,2,4,2,1,4,4,33,3,2,1,4,1,2,1
1,4,15,4,0,5426,1,5,2,3,1,4,3,33,3,2,2,2,2,1,1
1,1,12,2,1,4795,5,4,1,3,1,4,3,37,2,2,1,3,1,2,1
1,1,15,2,0,2248,1,4,1,2,1,4,1,63,3,2,2,3,2,2,1
0,2,48,2,9,14482,3,3,4,2,1,3,4,38,1,2,1,4,1,1,1
1,4,21,2,3,2248,1,5,3,3,3,1,2,25,3,2,1,2,2,1,1
1,2,15,2,2,6614,1,1,1,1,1,3,1,29,3,2,1,2,1,2,2
0,2,18,2,6,1553,1,1,1,4,1,1,2,22,3,2,1,3,1,1,1
1,1,48,2,2,6224,3,3,4,3,1,4,4,48,3,3,1,4,1,2,1
0,1,36,2,2,10963,1,2,1,3,1,1,3,24,3,2,1,3,1,1,1
0,4,30,2,3,4016,5,4,3,3,1,4,3,68,3,3,1,4,1,2,1
1,2,18,2,6,1738,1,3,4,2,1,1,1,45,3,2,2,3,1,2,1
0,1,21,2,9,442,5,5,4,3,1,4,3,49,1,2,1,3,2,2,1
1,2,12,2,9,1375,5,5,4,3,1,3,3,31,3,2,1,3,1,1,1
1,2,18,2,8,3138,1,3,2,4,1,3,2,23,2,2,1,3,1,2,1
1,3,48,2,10,9043,3,2,2,3,1,4,1,22,3,1,1,3,1,2,1
1,2,12,4,2,2505,1,3,2,3,1,1,3,34,3,3,4,3,1,1,1
0,1,30,2,2,2136,1,3,4,3,1,4,3,28,3,2,1,3,1,2,1
0,4,36,2,3,5510,5,5,4,3,1,4,4,28,3,2,1,4,1,1,1
1,1,36,2,0,7409,2,2,2,3,1,4,1,28,1,2,1,4,1,1,1
1,4,10,3,9,1290,1,2,2,4,1,4,1,39,3,2,2,2,1,2,1
0,2,36,2,3,1985,1,4,4,2,1,4,4,63,3,2,2,3,1,2,1
1,1,36,2,2,6204,3,5,3,3,1,4,4,36,3,2,1,3,1,2,1
1,4,15,2,3,3917,5,4,4,4,1,2,2,29,3,2,1,3,1,2,1
1,2,18,2,1,6468,1,2,2,2,1,4,4,28,3,2,1,3,1,1,1
1,1,15,2,3,957,1,2,4,3,1,4,1,50,3,2,2,2,1,1,1
1,4,24,2,3,1271,1,5,4,2,1,4,4,46,3,2,2,4,2,2,1
1,1,24,4,3,8598,1,4,2,2,1,4,3,40,3,1,2,3,1,2,1
1,2,18,2,3,1345,1,3,3,2,1,2,2,25,1,2,2,2,1,1,1
0,2,30,2,10,5712,1,5,1,3,1,3,4,40,1,2,2,3,1,2,1
1,3,18,4,0,3125,1,5,3,4,1,4,3,51,3,3,3,3,2,2,1
1,4,15,2,10,2494,3,3,2,3,1,1,2,34,1,2,2,3,1,1,1
0,4,24,4,9,6335,1,4,2,3,1,4,2,31,3,1,2,3,1,1,1
1,4,11,2,0,2723,1,5,4,3,1,2,3,40,3,2,1,4,1,2,1
1,1,36,1,6,2462,1,3,4,2,1,4,2,26,3,2,1,3,1,2,1
1,4,12,2,3,1543,1,3,3,4,1,2,1,23,3,2,2,2,1,1,1
1,4,12,2,2,1804,2,3,2,3,1,4,1,35,3,1,2,3,1,1,2
0,1,24,3,2,3837,1,3,1,3,1,2,2,33,3,2,2,3,2,1,1
1,4,18,4,3,6066,5,5,1,2,1,2,4,57,3,2,1,3,1,2,1
1,4,18,2,3,2101,5,3,2,2,1,4,2,49,2,2,1,4,1,1,1
1,4,48,4,3,4350,2,5,4,3,2,2,4,65,3,3,2,3,1,2,1
1,4,7,2,2,660,1,4,4,4,1,3,1,39,3,1,2,4,1,1,1
0,4,24,2,3,1337,1,2,3,3,1,3,1,27,3,2,1,3,1,1,1
0,1,18,2,0,2965,1,2,1,1,1,2,3,44,3,2,1,3,1,2,1
1,2,18,2,3,7179,1,4,2,3,3,4,3,39,3,2,2,3,1,1,1
0,1,9,3,2,2564,1,3,1,3,1,1,3,26,3,2,2,3,1,1,1
0,4,15,2,0,7913,5,3,1,1,1,1,3,33,3,2,1,3,1,1,1
1,1,12,2,0,1072,1,5,1,4,1,2,1,41,3,2,1,3,2,1,1
1,2,6,4,0,917,1,4,1,2,1,4,3,58,3,2,2,2,1,1,1
1,4,48,2,1,10964,5,5,4,2,1,4,3,36,3,2,1,3,1,2,1
1,4,18,2,3,1049,2,4,3,2,1,4,2,40,3,2,1,3,1,1,1
1,1,9,2,2,1121,1,5,4,3,1,4,3,37,3,3,1,3,1,1,1
1,1,12,3,3,717,1,3,4,3,1,3,1,36,3,2,2,3,1,1,1
1,4,6,4,3,609,4,3,1,3,1,2,1,25,3,2,2,3,1,2,1
1,2,6,4,4,426,5,5,4,3,1,4,1,27,3,2,1,3,1,1,1
0,1,18,2,0,8326,4,2,1,3,2,1,1,22,1,1,1,3,1,1,1
1,4,15,2,0,1376,2,4,4,3,1,3,2,29,3,2,2,3,1,2,1
1,1,15,2,0,2174,1,3,3,2,1,1,2,25,1,1,1,3,1,2,1
0,1,6,4,3,6288,1,2,1,2,1,4,4,27,3,3,2,2,1,1,1
1,4,21,2,3,2430,2,5,4,2,1,2,3,47,3,2,1,2,2,1,1
0,1,48,2,9,6966,4,5,4,3,1,2,4,34,3,2,1,4,1,2,1
1,1,20,2,2,3757,1,5,3,3,3,1,3,26,1,2,3,3,2,1,1
0,4,21,4,1,4111,1,3,4,3,1,4,4,67,3,3,1,4,2,2,1
1,4,69,4,3,5953,5,5,4,2,1,4,3,41,3,2,2,4,1,2,1
1,3,15,2,3,1394,5,3,4,3,1,2,4,40,3,2,1,3,1,1,1
0,1,10,4,0,1429,1,5,4,3,1,4,3,37,3,2,2,3,1,1,1
1,4,12,3,0,1975,1,2,4,2,3,2,1,29,3,1,1,3,1,2,1
1,1,9,2,9,1005,1,1,4,4,2,1,1,23,1,1,1,3,1,2,1
0,1,45,2,3,2971,1,3,2,2,1,2,3,24,3,1,2,2,1,2,1
0,1,18,2,1,3911,1,4,4,3,1,2,1,22,3,1,1,4,1,1,1
1,1,12,0,6,1409,1,2,2,4,3,3,2,55,3,2,1,2,2,2,1
0,3,12,4,3,2894,4,2,3,4,1,4,1,37,3,1,1,4,1,1,1
0,1,42,3,3,9570,3,4,3,2,1,4,4,56,3,2,2,4,1,2,1
1,4,12,2,0,1381,1,3,1,1,1,2,1,24,3,1,2,3,1,1,1
0,4,48,2,9,3510,1,5,3,2,1,4,4,35,3,3,1,3,1,2,1
1,2,21,2,3,5084,3,3,4,2,1,2,1,26,3,2,1,3,1,1,1
1,2,18,2,0,2893,3,2,1,2,1,2,2,25,3,2,1,2,1,2,1
1,1,11,4,0,667,2,3,4,2,1,3,4,33,1,2,1,3,1,1,1
1,1,6,1,0,644,3,4,4,3,1,4,1,55,3,1,1,3,1,1,1
1,4,12,2,0,1543,1,5,4,4,1,4,2,63,3,2,3,2,1,1,1
1,2,6,4,0,1424,4,5,1,3,1,4,2,38,3,2,2,2,1,1,1
1,4,6,2,1,672,1,4,1,3,1,1,1,40,3,2,1,2,1,1,1
1,2,12,4,0,5011,1,3,1,3,1,2,1,45,3,1,1,3,1,2,1
1,4,6,0,0,657,1,4,2,3,1,4,1,29,3,1,1,3,2,2,1
0,2,18,1,0,2055,5,4,4,2,1,3,4,34,3,2,1,3,1,1,1
1,4,12,0,1,712,5,1,4,3,1,4,3,20,3,2,1,1,1,1,1
1,3,48,2,2,3565,5,5,2,2,2,4,2,24,3,1,1,2,1,1,1
1,1,24,2,3,11124,1,3,2,3,1,2,4,29,3,2,1,3,2,1,1
0,4,6,2,2,521,1,5,4,4,1,4,1,45,3,2,1,3,1,1,1
0,2,24,1,0,8894,1,2,1,2,2,2,1,25,3,2,1,3,1,1,1
1,4,30,2,3,7480,1,1,1,2,1,2,3,36,3,2,2,4,1,2,1
1,3,12,4,1,1221,5,3,4,3,1,1,2,26,3,2,2,3,1,1,2
0,4,10,2,2,4792,1,2,2,3,1,2,1,26,3,2,1,3,1,2,1
1,4,36,4,0,3660,1,4,4,2,1,2,3,26,3,2,1,3,1,2,1
0,4,12,2,9,1919,4,3,4,4,1,2,3,24,3,2,1,4,2,2,1
1,3,9,4,0,727,5,3,2,3,1,4,1,35,3,2,1,2,1,2,1
1,2,9,4,3,1565,1,3,4,2,1,3,1,35,1,2,2,4,1,2,1
1,4,24,4,3,4597,1,5,4,3,1,2,1,28,3,1,2,4,1,1,1
1,4,9,4,9,1546,5,4,4,3,1,2,2,26,3,2,2,2,1,1,1
0,4,24,2,2,3496,1,4,4,4,1,1,3,33,1,2,1,3,1,2,1
1,4,12,2,0,2685,2,5,4,3,1,4,3,25,3,2,1,3,1,2,1
1,3,6,3,2,635,1,4,4,3,1,4,1,37,3,2,1,3,1,1,1
0,4,9,2,1,2254,2,3,4,2,1,2,3,44,3,2,2,4,1,2,1
1,2,36,2,5,3363,3,5,4,3,1,4,3,34,1,2,1,3,1,2,1
1,2,12,2,3,1522,1,3,4,2,1,4,3,26,3,2,1,2,1,1,1
1,4,12,4,0,7408,3,2,1,2,1,3,3,30,3,2,2,3,1,1,1
1,4,6,2,0,652,1,3,2,4,1,3,1,32,3,1,1,3,1,1,1
0,4,48,2,0,5110,3,3,3,2,1,4,3,27,3,2,1,2,1,1,1
1,2,10,4,1,2243,1,2,2,2,2,2,1,65,3,2,1,3,1,2,1
1,4,30,3,2,12789,4,3,2,3,3,4,4,62,3,3,1,3,1,2,1
1,4,24,1,0,2670,5,3,2,3,1,3,2,39,3,3,1,2,1,2,1
1,4,24,4,3,2923,5,3,4,2,3,4,4,38,3,2,2,3,1,2,1
0,4,36,2,9,1940,5,3,4,3,1,2,3,44,3,2,1,3,1,2,1
1,4,24,3,3,2764,5,4,4,2,1,2,3,39,2,2,2,3,1,2,1
0,1,42,2,6,3595,1,3,2,2,1,1,4,22,1,2,1,3,1,1,1
0,2,36,2,3,9737,1,3,1,4,1,4,2,26,3,3,2,3,2,2,1
1,4,24,2,2,4210,1,3,4,3,1,2,2,63,3,2,1,4,1,1,1
1,2,30,4,9,3017,1,2,3,3,3,2,1,36,3,2,2,4,1,1,1
1,4,18,2,9,2149,4,3,1,3,2,2,1,57,3,2,1,4,1,2,1
1,2,24,2,1,6368,2,4,3,2,1,2,4,34,3,2,1,3,1,1,1
1,4,6,4,3,1548,1,5,4,2,1,2,2,30,3,2,1,3,1,1,1
1,3,9,2,2,1103,1,2,4,2,1,1,3,23,1,2,1,3,1,1,1
0,2,30,0,3,6570,4,2,1,2,1,4,3,32,3,2,1,3,1,2,1
1,1,12,1,3,1373,1,3,4,2,1,2,1,20,3,1,1,2,1,1,1
1,4,24,2,3,3065,1,3,4,3,1,4,3,45,3,2,1,3,1,1,1
1,4,18,2,1,8249,1,1,3,2,1,2,2,24,3,2,1,3,1,1,1
0,1,24,3,0,1245,2,3,4,3,1,3,1,25,3,1,1,2,1,1,1
1,4,24,3,9,2659,1,5,4,2,1,4,4,45,2,2,2,3,1,2,1
1,4,24,4,3,1068,1,5,4,4,1,2,4,40,3,2,1,3,1,2,1
0,1,24,2,2,14102,1,5,1,3,1,4,3,36,3,2,2,3,1,1,1
1,2,20,3,2,2269,3,3,4,3,1,3,1,24,3,2,1,3,1,2,1
0,2,60,2,6,11823,5,3,4,2,1,2,3,30,3,2,1,3,1,2,1
0,2,30,2,3,1583,4,4,4,3,1,4,4,48,1,3,1,3,1,2,1
0,1,6,2,0,354,2,4,4,2,1,4,3,20,3,2,1,1,1,1,2
1,2,36,2,2,3430,1,3,4,2,1,4,2,27,3,1,1,4,1,2,1
1,2,36,4,0,1262,2,5,3,2,1,4,2,43,2,2,1,1,2,1,1
0,2,12,4,0,1339,5,5,4,1,1,4,3,61,3,2,1,4,1,2,1
1,4,21,2,3,1262,1,5,4,3,1,4,2,56,3,1,1,3,1,1,1
1,4,12,4,0,2144,5,5,2,2,1,4,3,24,3,2,1,3,1,2,1
1,2,12,2,3,1959,1,1,1,2,1,4,2,28,3,2,1,2,1,1,1
1,4,12,2,2,6358,3,3,3,3,1,3,3,41,2,3,1,3,1,2,1
1,1,15,2,3,7925,1,3,1,3,1,2,4,62,3,3,1,2,1,2,1
1,4,12,2,2,944,1,3,4,3,1,2,1,29,3,2,1,3,2,2,1
1,1,18,4,0,886,1,5,4,3,1,4,3,24,3,3,1,2,2,1,1
1,2,24,4,1,6188,5,2,2,3,1,3,3,48,3,2,2,3,2,1,1
1,2,9,2,0,1519,1,3,3,3,1,2,3,60,2,2,1,3,1,2,1
0,2,48,2,9,7326,5,2,4,4,1,2,3,42,3,2,1,4,1,2,1
0,4,60,0,3,9567,1,3,2,1,1,3,3,42,3,1,1,3,1,2,1
1,2,24,2,2,1951,5,4,4,3,1,4,3,53,1,2,1,3,1,2,1
1,1,18,4,1,2399,5,5,4,3,1,4,4,47,3,2,2,4,2,1,1
1,4,12,2,1,4968,5,2,1,3,1,2,3,40,1,2,2,3,1,1,1
0,1,12,2,2,937,2,3,4,2,1,4,1,29,3,2,1,3,1,1,1
1,1,11,2,1,5302,1,3,1,3,1,2,4,36,3,2,1,3,2,2,1
1,4,15,2,9,1594,4,4,3,3,1,4,4,65,3,3,1,3,1,2,1
0,4,30,2,9,2097,1,2,3,2,1,1,3,40,2,3,1,4,1,2,1
1,3,18,2,10,2146,1,2,2,3,1,2,2,22,3,2,2,3,2,1,1
1,2,9,2,1,1295,1,5,3,2,1,4,2,36,3,1,1,3,1,2,1
0,1,48,4,1,14556,5,4,3,3,1,4,4,25,3,3,1,4,1,2,1
0,1,18,2,0,4755,5,2,1,3,1,4,4,28,3,2,1,3,1,1,1
1,4,9,2,0,1344,1,1,3,3,1,1,1,29,3,1,2,3,1,1,1
1,2,18,2,2,1744,3,2,3,1,1,2,1,21,3,2,1,3,1,1,1
0,2,48,2,8,6712,3,5,3,3,1,4,2,36,1,2,2,3,1,2,1
0,2,18,3,0,729,1,5,4,3,1,1,3,28,3,1,1,2,1,1,1
1,4,18,4,2,5784,5,5,4,3,1,4,4,74,3,3,1,3,2,1,1
1,4,18,4,10,8333,1,5,2,3,1,4,3,60,3,2,2,4,1,2,1
1,3,18,4,2,1216,1,4,4,3,1,4,2,34,3,3,2,3,1,2,1
1,4,6,3,0,2923,1,2,3,3,1,4,4,32,3,2,2,4,1,2,1
1,1,47,0,0,2406,5,5,4,2,1,4,4,39,3,3,1,3,2,1,1
1,1,19,2,2,8129,5,3,2,4,1,4,2,50,3,2,1,3,2,1,1
1,2,24,4,3,6147,2,3,1,2,1,2,1,26,3,1,1,3,1,2,1
1,4,36,0,1,2610,5,3,3,3,1,1,2,24,1,2,1,3,1,2,1
1,4,15,2,3,929,5,5,4,3,1,3,2,51,1,2,1,3,1,1,1
1,4,24,2,2,3602,1,4,4,3,3,2,1,27,1,2,1,3,1,1,1
1,3,21,4,3,5601,1,4,3,2,1,4,1,33,3,1,1,3,1,1,1
1,4,12,2,3,588,2,3,4,4,1,3,1,30,3,2,1,3,1,2,1
1,4,18,2,3,3962,1,5,3,3,1,1,1,63,3,2,1,3,2,1,1
0,2,36,1,2,4246,2,3,4,2,1,3,3,20,3,2,1,3,1,1,1
0,2,24,2,4,2532,3,4,4,2,1,3,4,25,3,2,2,4,1,1,1
0,2,30,4,0,2505,2,5,4,3,1,4,3,48,3,2,1,4,2,1,1
0,4,10,2,3,2507,5,2,2,2,1,3,4,36,3,2,1,3,1,1,1
1,1,24,2,2,4757,1,3,4,2,1,2,3,44,3,2,1,3,1,2,1
0,1,12,2,3,1324,1,1,4,3,1,1,2,25,3,1,1,3,1,1,1
1,2,12,4,3,2886,1,3,4,2,2,4,4,66,1,3,1,4,2,1,1
1,2,24,4,2,4043,5,5,2,2,1,4,1,35,3,2,2,4,1,2,1
1,4,18,4,0,1275,5,3,4,4,1,2,1,46,3,2,3,3,2,2,1
0,1,18,2,3,1510,5,3,2,4,1,1,4,27,3,3,2,2,1,1,1
1,4,21,4,2,3123,1,5,2,3,1,2,2,24,3,2,1,3,1,2,1
0,4,48,2,2,3349,1,4,4,3,1,4,3,23,3,1,2,3,1,1,1
1,4,18,2,0,15653,5,3,4,3,1,4,2,57,3,1,1,4,1,1,1
0,2,18,0,3,1126,1,2,3,3,1,4,3,25,3,1,1,2,1,1,1
1,2,6,1,0,625,1,3,4,3,1,4,4,38,3,2,1,3,1,1,1
1,1,24,2,0,4816,2,4,2,2,3,2,3,33,3,2,1,3,1,2,1
1,4,12,4,1,1444,1,3,2,3,1,4,3,24,3,2,2,3,1,2,1
1,4,36,2,10,8485,5,5,2,3,1,4,2,49,3,1,2,3,1,2,1
1,4,48,4,6,3592,1,3,4,2,1,4,2,26,3,1,2,2,1,1,1
1,2,18,3,3,4753,3,3,4,3,1,3,1,39,3,2,2,3,1,2,1
0,2,18,1,1,2350,3,3,4,4,1,4,1,23,1,2,1,3,1,1,1
0,1,15,2,3,1935,1,3,4,3,1,2,1,20,3,1,2,1,1,1,1
1,4,9,2,0,857,5,3,2,2,1,4,1,39,3,3,1,2,2,1,1
1,4,60,4,9,2116,1,5,4,3,1,4,2,46,3,2,1,3,2,1,1
1,4,12,4,2,904,5,2,4,3,2,2,2,38,3,2,1,3,1,1,1
1,1,18,4,2,1961,5,2,4,3,3,4,1,33,2,1,3,3,2,2,1
0,1,15,2,3,1168,1,3,4,3,1,2,1,31,3,2,2,3,1,1,1
1,4,24,2,2,5154,1,4,1,3,1,4,4,39,3,2,2,4,2,2,1
0,1,36,4,3,1978,5,5,4,2,1,3,4,36,1,3,2,3,1,2,1
1,2,6,4,2,684,1,2,4,4,1,2,3,54,3,3,2,2,1,1,1
0,4,24,2,6,1995,5,3,4,2,1,3,3,28,3,2,1,3,1,2,1
1,3,7,4,0,868,1,3,4,3,1,2,1,23,3,1,2,3,2,1,1
1,4,6,2,3,1939,1,2,1,3,1,4,4,31,3,2,1,3,1,1,1
0,2,30,0,9,9059,1,4,1,3,1,4,3,28,1,2,1,2,2,1,1
0,1,18,2,10,2745,1,2,2,3,1,4,3,30,3,2,1,3,1,2,1
0,1,24,2,9,929,1,4,4,2,1,2,4,48,1,3,1,3,1,1,1
1,4,12,2,1,1187,4,3,2,2,1,4,3,33,2,1,1,2,2,1,1
0,2,36,1,0,4907,1,3,4,2,1,4,3,61,1,2,1,3,1,2,1
1,3,48,3,0,12409,1,3,1,2,1,4,2,32,3,2,2,3,2,1,1
1,2,36,2,2,3853,5,5,4,3,1,4,4,41,3,3,1,4,1,2,1
1,1,6,2,3,717,1,2,4,2,1,2,1,35,3,2,1,3,1,1,2
1,2,21,4,2,2994,1,3,4,3,1,1,1,32,3,2,2,4,1,2,1
1,2,24,2,3,3446,4,2,4,2,1,3,1,53,3,1,1,3,1,1,1
0,1,24,4,3,9262,1,4,4,1,1,2,3,42,3,2,2,3,1,1,1
0,4,15,2,2,4371,1,2,1,3,1,2,2,38,3,2,1,3,1,1,1
1,2,30,3,3,8991,1,3,2,2,3,3,3,61,3,2,2,2,1,2,2
1,4,6,3,9,311,1,3,4,3,1,2,1,29,3,2,3,3,1,1,1
1,4,20,4,0,2398,1,4,2,2,1,3,3,46,3,2,2,2,1,2,1
1,4,12,4,3,2265,4,2,4,4,1,4,3,31,3,2,2,3,1,2,1
0,2,36,2,2,1442,1,3,4,3,1,4,2,27,3,2,2,3,1,1,1
1,4,12,4,2,2358,5,2,3,3,1,2,3,43,3,2,1,3,1,1,1
1,1,24,4,2,1656,1,5,4,3,1,4,2,36,3,2,2,3,1,1,1
1,4,24,2,3,1751,2,4,3,3,1,2,1,63,3,1,1,2,1,1,1
1,2,24,2,3,6195,1,5,2,3,1,4,1,23,3,1,1,2,2,1,1
1,1,9,0,0,673,1,4,4,1,1,2,3,22,3,1,1,2,2,1,1
1,2,12,2,3,1237,5,1,2,3,1,4,3,50,3,2,1,3,2,1,1
0,4,18,2,3,1761,1,5,2,3,1,2,1,21,3,1,1,2,1,1,1
1,4,6,2,9,1288,1,4,3,2,1,2,3,42,1,2,1,2,1,1,1
1,2,12,4,0,1460,5,3,4,2,1,3,2,50,3,2,4,3,1,2,1
0,1,48,2,0,9261,2,2,4,3,3,2,1,25,3,2,1,3,1,1,1
1,2,12,2,3,1236,3,5,2,3,2,4,1,43,3,2,1,3,1,2,1
1,2,24,2,2,1357,3,2,4,3,1,3,2,25,3,2,1,3,1,2,1
1,1,12,2,1,3604,1,1,4,3,1,4,2,28,3,2,1,3,1,1,1
1,4,18,2,0,1474,3,3,4,3,1,4,3,30,3,2,1,4,2,1,1
0,4,36,3,3,4467,5,3,4,3,1,1,3,31,1,2,1,3,2,1,1
1,1,18,2,2,8066,1,2,2,2,3,3,3,25,2,2,1,3,2,2,1
1,2,18,2,0,1468,1,2,4,2,1,3,2,23,3,2,1,2,1,1,1
1,4,12,4,9,5717,5,5,4,3,1,4,4,46,3,2,2,3,1,1,1
1,4,7,0,3,1102,5,2,2,2,1,3,3,32,3,2,1,2,1,1,1
0,4,24,2,6,4336,5,2,2,2,1,2,4,35,3,2,1,3,1,2,1
1,1,9,2,3,1554,1,5,1,3,1,2,4,36,3,2,1,4,1,1,1
1,4,12,1,4,1200,5,4,1,2,1,1,2,25,3,2,1,3,1,1,1
1,4,15,4,3,3785,1,3,1,4,1,1,1,30,3,2,1,2,1,1,1
1,4,9,2,3,1262,2,2,4,2,1,4,2,27,3,1,2,3,1,2,1
0,1,6,4,9,1068,1,1,1,2,1,2,1,22,3,1,2,2,1,1,1
1,2,18,2,2,3505,1,4,4,3,2,4,3,29,3,2,1,4,2,1,1
1,2,60,4,3,6554,3,5,4,1,1,4,3,47,3,2,1,4,1,2,1
1,4,9,4,0,1374,1,3,2,3,3,4,2,23,3,2,1,2,1,1,1
1,1,9,4,0,1295,1,3,2,3,1,4,1,37,3,2,2,3,1,1,1
0,2,9,4,1,1137,1,5,2,2,1,4,2,61,3,2,2,2,1,1,1
1,4,24,3,3,12557,4,2,2,3,1,2,4,46,3,3,1,3,1,2,1
1,4,15,2,3,1216,5,4,4,2,1,2,3,64,3,2,1,3,1,2,1
0,2,17,2,9,1552,3,2,4,3,1,1,3,25,3,3,1,3,1,1,1
1,4,27,2,3,8081,1,3,3,2,1,4,3,58,3,2,2,2,1,1,1
1,2,12,1,1,1402,3,3,1,3,1,4,3,62,3,2,1,3,1,2,1
1,2,18,2,2,4600,5,3,2,3,1,1,3,46,3,2,1,3,2,1,1
1,4,13,4,0,1922,5,3,4,3,1,4,2,42,1,3,2,3,2,2,1
1,4,28,4,1,6200,1,3,4,3,1,1,3,22,3,1,2,4,1,1,1
1,2,24,2,1,2264,5,5,4,2,2,4,4,44,3,2,1,3,1,2,1
1,2,9,1,1,1417,1,1,1,3,3,2,1,30,3,2,1,2,1,2,1
1,4,24,4,3,3447,1,3,3,3,3,3,2,27,3,2,1,3,1,1,1
1,1,36,2,3,2744,1,3,1,3,1,1,3,22,3,2,1,2,1,1,1
1,2,12,4,1,699,2,5,4,2,1,2,1,34,3,1,1,2,1,2,1
0,2,12,3,0,1410,1,4,4,2,1,4,1,31,3,2,2,2,1,1,1
1,2,6,4,9,1275,3,3,3,3,1,3,2,46,3,2,2,3,1,1,1
1,1,27,2,6,4561,3,3,4,2,1,3,3,46,3,3,1,4,1,2,1
0,1,6,4,2,10476,1,1,1,2,1,3,4,33,3,3,2,4,1,2,1
1,2,12,4,3,2221,1,4,1,2,1,4,1,35,3,2,2,2,1,1,1
1,1,10,1,2,1086,3,3,2,4,1,4,2,23,1,1,1,2,1,2,1
1,1,36,4,3,2711,1,3,4,4,1,3,2,30,3,2,2,3,1,2,1
1,2,18,1,0,1267,1,5,4,2,2,2,3,37,3,2,1,3,2,1,1
0,1,24,2,2,3867,2,4,3,2,1,2,3,29,1,2,1,3,1,1,1
1,4,6,3,6,907,2,4,4,3,1,4,2,26,3,2,1,2,1,1,1
0,2,30,3,3,8450,4,2,2,3,1,1,1,23,3,2,1,3,1,1,1
1,1,12,2,3,785,5,4,3,2,1,4,4,58,3,3,2,3,1,2,1
1,2,24,2,2,3112,5,3,3,4,1,2,4,39,1,3,1,1,2,1,1
0,1,36,4,10,1472,5,3,4,4,2,4,2,21,3,1,1,3,1,1,1
1,4,24,4,3,764,1,4,4,3,1,2,1,32,3,2,1,3,1,2,1
1,4,12,4,3,2213,5,3,4,4,1,4,4,47,1,2,1,4,1,2,1
1,4,11,3,6,6701,1,2,2,2,1,1,4,33,3,2,3,4,1,2,1
1,2,30,2,8,2302,5,4,4,2,1,4,3,57,3,2,1,3,1,1,1
0,2,12,2,0,3655,3,5,1,2,1,2,3,27,3,2,2,3,1,1,1
1,4,12,2,5,1454,5,5,4,2,1,3,3,35,3,2,2,3,1,1,1
0,2,68,1,2,8357,3,3,4,2,1,4,4,24,1,2,1,3,1,1,1
1,3,15,2,6,2709,1,4,2,3,1,4,2,33,3,2,1,3,1,1,1
1,4,9,4,3,639,1,5,2,2,1,4,3,27,3,2,2,1,2,1,1
1,1,24,4,0,1207,1,5,4,3,1,4,4,29,3,2,1,2,1,1,1
0,3,4,2,3,931,2,3,2,2,1,4,1,42,3,1,1,2,1,1,1
0,1,36,2,2,1436,2,3,4,4,1,3,2,25,3,2,1,2,1,1,1
0,1,30,2,3,2834,1,3,1,2,1,4,4,45,3,2,1,2,1,2,1
1,2,12,2,3,2170,1,3,4,3,3,1,1,35,2,2,1,4,1,2,2
1,3,27,2,1,2684,1,2,4,3,1,2,2,30,3,2,2,3,1,1,1
1,4,60,2,3,7766,2,2,2,2,1,3,4,34,1,2,1,3,1,1,1
1,1,24,2,9,4238,1,5,4,3,1,1,3,43,1,3,1,3,2,1,1
1,4,11,3,3,1047,5,5,4,3,1,2,2,35,1,2,1,2,2,1,1
1,2,8,4,8,1464,3,5,4,3,1,4,2,24,3,1,1,3,1,1,1
1,4,15,2,1,744,1,4,4,2,1,4,3,40,3,2,1,3,1,1,1
1,4,24,4,1,1343,2,4,4,3,1,4,2,39,3,2,2,2,1,2,1
1,1,24,2,0,1909,5,4,1,2,1,4,1,47,3,2,1,2,1,1,1
1,2,24,4,3,2241,1,5,4,3,1,4,2,42,1,3,2,3,1,1,1
1,1,21,2,6,4806,2,3,1,3,1,4,3,35,3,3,1,2,1,1,1
1,1,15,2,3,2078,1,1,4,3,1,4,4,36,3,3,1,3,1,2,1
1,4,12,2,3,2832,5,4,2,2,1,2,2,25,3,2,1,3,1,2,1
0,1,36,2,2,3383,1,2,4,2,1,4,4,49,3,2,2,2,1,2,1
0,1,18,4,3,1437,5,2,4,3,1,2,1,22,3,2,2,3,1,1,1
1,4,12,3,1,2983,1,5,1,3,1,4,3,31,3,2,2,2,1,1,1
0,2,15,2,2,1899,5,2,4,2,1,3,3,60,3,2,1,3,1,2,1
0,3,33,2,0,5952,1,4,4,3,1,1,3,63,3,2,2,4,1,1,1
1,4,18,3,6,2718,5,5,3,3,1,4,3,51,3,2,2,2,1,1,1
1,1,12,2,2,1631,1,3,1,3,1,3,2,28,3,2,1,3,1,1,1
1,2,12,2,0,338,1,4,4,3,1,2,1,22,3,1,1,1,1,1,1
1,4,6,4,1,847,1,3,4,3,1,2,1,40,3,2,1,3,1,2,1
1,3,18,4,0,2458,5,4,4,2,1,4,1,35,3,1,2,3,1,1,1
1,1,18,4,3,3572,1,2,1,3,1,1,1,24,3,1,2,3,2,2,1
1,1,14,2,10,6261,1,1,1,2,1,4,4,50,3,3,1,3,2,1,1
1,3,24,2,3,5271,1,3,1,3,1,1,3,66,1,2,2,2,1,2,1
1,4,24,2,3,3766,1,1,4,4,1,1,1,33,3,2,4,3,1,1,1
1,1,9,4,1,3582,1,2,1,2,1,3,1,28,3,1,2,2,1,1,1
1,4,11,2,3,935,1,5,4,3,1,4,2,47,3,2,1,3,1,1,1
0,1,9,4,0,2982,2,4,2,3,2,4,3,32,3,2,1,3,1,1,1
1,1,10,1,1,1546,1,2,1,3,1,1,1,20,3,1,1,2,1,1,1
1,4,12,4,1,587,1,5,4,3,1,4,3,36,3,2,1,3,1,1,1
0,2,24,2,3,1322,1,4,4,1,2,4,3,32,3,2,2,3,1,1,1
1,4,6,2,0,2495,1,2,3,3,1,4,3,36,3,2,1,4,1,2,1
1,4,18,2,3,1374,4,3,4,2,1,3,2,26,3,1,1,3,1,1,1
1,1,6,3,0,718,1,1,3,3,1,1,1,22,3,1,1,3,1,1,1
1,1,10,2,3,2122,1,3,1,2,1,4,1,38,3,2,2,2,1,1,1
1,4,6,2,6,1450,3,5,4,2,1,2,3,35,3,2,1,3,1,1,1
1,2,36,4,2,2482,2,3,4,2,3,4,1,33,3,2,1,3,1,1,1
1,1,12,1,0,1287,2,3,4,3,1,2,1,35,3,2,1,2,1,1,2
1,4,12,2,6,667,1,1,4,3,1,2,3,22,3,2,1,3,1,2,1
1,4,24,4,2,6221,5,2,2,3,1,2,2,47,3,1,2,3,1,1,1
1,4,15,4,6,2074,1,2,3,2,1,4,1,30,3,2,1,2,1,1,1
0,4,36,4,9,6831,1,5,2,3,1,1,1,23,3,2,2,4,2,2,1
1,4,24,4,1,1567,5,5,1,3,1,3,2,27,3,1,2,3,1,1,1
1,1,9,3,3,332,5,1,4,4,1,4,1,25,3,2,2,3,1,1,1
1,4,12,2,5,1170,1,2,4,3,1,2,1,27,3,1,1,2,1,2,1
1,3,24,2,3,3344,1,2,4,1,1,1,1,34,3,1,1,3,1,2,1
0,2,27,2,9,5948,1,3,2,2,1,4,4,38,3,3,1,2,1,2,1
1,2,18,2,2,1994,2,2,2,3,1,2,3,57,3,3,1,3,1,2,1
1,4,24,2,3,4280,2,4,2,3,1,2,1,26,3,2,1,3,1,2,1
1,2,12,2,3,2145,1,3,2,3,1,2,2,33,3,2,1,3,1,1,1
1,2,9,2,1,1207,1,2,3,2,1,1,1,26,3,2,1,3,1,1,1
1,1,48,3,0,7863,5,2,2,3,1,4,3,38,3,2,2,3,1,1,1
1,2,6,2,4,1143,1,2,3,2,1,3,1,22,3,2,1,2,2,1,1
1,1,24,2,9,1592,1,1,3,2,1,3,2,23,3,1,1,2,1,1,1
0,2,36,4,1,14523,1,2,4,3,1,3,4,51,3,3,1,3,1,2,1
0,1,42,2,2,11449,4,3,4,2,1,3,3,29,3,2,1,4,1,1,1
0,1,24,2,0,1557,5,3,4,3,1,4,4,30,3,2,1,2,1,2,1
0,2,4,3,9,636,1,3,4,3,1,4,2,42,1,1,2,3,1,1,1
1,4,24,4,3,5150,5,5,2,2,1,4,4,38,3,3,2,2,1,1,1
1,4,15,4,6,2390,1,4,3,2,1,1,2,43,3,2,2,3,1,1,2
1,4,21,0,5,3015,1,2,3,3,1,4,4,21,3,2,1,3,1,2,1
0,1,24,2,0,4598,1,5,2,3,1,4,3,34,3,2,2,3,1,1,1
0,4,10,4,6,659,2,5,4,2,1,1,1,48,3,2,2,2,1,2,1
0,2,21,2,0,3834,1,5,4,4,1,4,2,37,3,2,1,3,2,1,1
1,3,24,2,3,3856,5,3,1,3,1,1,2,25,3,2,1,3,2,2,1
1,4,7,1,9,705,5,4,4,2,1,1,1,31,3,2,1,3,1,1,1
1,4,24,0,3,708,1,3,4,2,1,2,2,24,3,2,1,3,1,1,1
1,3,6,2,1,469,5,2,4,3,1,2,1,37,3,2,1,2,1,1,1
1,4,24,3,2,6587,5,4,4,3,1,2,3,30,3,2,1,4,1,2,1
1,2,9,2,3,2617,5,3,2,3,1,1,2,66,3,2,2,3,2,1,1
1,1,10,2,2,1828,2,3,1,3,1,1,2,30,2,2,1,3,1,1,1
1,2,12,4,3,3915,2,2,2,2,1,2,1,27,3,1,1,2,1,1,1
1,2,10,2,2,2063,3,2,2,3,1,2,3,29,1,2,2,3,1,1,1
0,4,18,2,0,3182,1,1,3,2,1,2,1,20,3,1,1,3,1,1,1
0,1,36,4,1,1818,1,5,4,2,1,3,3,44,3,2,1,4,1,2,1
1,4,24,2,3,4327,4,4,2,2,1,4,2,27,3,2,1,3,1,2,1
1,2,6,2,3,749,2,3,1,3,1,2,2,34,3,3,2,2,1,2,1
1,4,18,3,2,1538,5,5,4,3,1,4,3,28,3,2,2,3,2,2,1
1,1,9,2,2,3017,1,3,2,3,3,4,3,34,3,2,1,3,1,1,1
1,3,18,4,3,3965,2,5,2,3,1,1,4,43,3,2,1,3,1,1,1
1,4,30,2,0,3427,5,4,4,3,1,4,3,36,1,2,2,3,1,2,1
1,4,20,4,10,4573,1,3,2,4,1,2,1,36,3,1,1,3,1,2,1
0,1,20,1,5,1591,1,1,4,3,1,1,1,21,1,1,1,3,1,2,1
1,4,12,2,0,1553,1,5,4,2,1,4,2,35,3,2,1,3,1,1,1
0,4,24,2,3,2828,1,2,4,1,1,4,2,29,1,2,1,3,1,2,1
0,2,24,2,0,1963,1,5,1,3,1,4,3,63,3,2,2,3,2,1,1
1,3,6,2,3,657,5,3,4,2,1,3,2,45,3,1,1,1,1,1,1
1,4,12,2,3,4776,3,2,2,1,1,4,1,49,3,2,1,4,1,2,1
0,4,42,2,3,5509,1,3,2,2,3,1,1,27,3,2,1,3,1,1,1
1,1,27,2,2,3148,5,5,4,3,1,2,1,44,3,1,1,3,1,2,1
1,4,9,2,2,759,1,2,2,3,1,2,1,25,3,2,1,1,1,1,1
1,1,27,4,0,3594,1,4,3,4,1,2,1,36,3,2,2,3,2,1,1
1,2,8,4,0,397,1,4,4,4,1,3,3,37,1,2,1,3,1,1,1
1,4,10,4,2,1346,1,2,1,3,1,2,1,23,3,1,1,2,2,1,2
1,4,24,3,3,1386,1,5,3,3,1,4,1,30,3,2,2,3,2,1,1
1,2,24,2,5,2385,1,3,2,2,1,4,4,47,1,2,2,2,1,1,1
1,2,48,2,3,12608,5,1,1,2,1,1,2,47,1,2,2,3,1,1,1
0,3,30,3,0,1581,1,3,4,3,1,2,3,28,2,2,1,3,1,1,1
1,2,12,3,3,1418,1,4,1,3,1,3,1,45,1,2,2,2,1,1,1
1,4,48,2,0,17025,3,5,2,3,1,3,3,68,3,2,2,4,2,2,1
0,2,36,4,9,5507,1,3,3,3,1,4,1,27,1,1,2,3,1,2,1
1,4,12,4,3,683,1,3,4,4,1,1,1,20,3,1,2,3,1,1,1
0,2,24,0,8,2203,2,1,2,3,1,2,1,25,2,1,1,3,1,1,1
1,1,36,4,9,1665,2,4,2,2,2,2,1,23,3,1,1,3,1,2,1
1,1,24,2,3,3433,1,4,3,3,1,3,1,31,3,1,1,3,1,2,1
1,4,9,2,3,1775,1,2,2,3,1,3,4,26,3,2,2,3,2,2,1
1,4,9,4,0,1616,1,1,4,2,1,4,1,27,1,2,2,1,1,1,1
0,2,18,2,9,7205,1,3,2,1,1,3,1,26,3,1,1,3,1,1,1
0,2,12,2,6,958,1,3,4,3,1,4,1,27,3,1,1,3,1,1,1
1,4,24,4,1,886,5,5,4,2,1,4,1,37,3,2,2,2,2,1,1
1,2,6,2,3,717,1,4,2,3,1,3,3,47,3,2,2,2,2,1,1
1,4,36,0,9,1738,4,4,4,3,1,2,4,39,3,2,1,2,1,1,1
0,2,36,0,2,12985,1,2,4,3,1,1,1,26,3,2,1,3,1,1,1
0,1,60,0,2,2284,1,3,4,3,1,4,4,21,3,3,1,2,1,1,1
1,4,6,2,9,5068,1,3,2,3,1,3,3,20,3,2,1,4,1,1,1
1,3,21,2,0,1166,1,4,4,3,1,4,3,26,3,2,1,2,1,1,1
0,4,20,2,3,2718,4,3,2,3,1,4,1,28,3,1,1,2,1,1,1
1,4,6,2,1,1237,1,2,3,2,1,2,2,51,3,2,1,4,1,1,1
1,2,24,2,3,3602,5,3,2,1,1,3,4,33,3,2,2,3,1,1,1
1,1,18,2,2,525,1,5,4,2,1,3,2,57,2,2,1,3,1,1,1
0,1,17,2,3,1413,1,2,3,3,1,4,3,26,1,2,1,1,1,1,1
1,4,9,2,0,1412,1,2,2,3,1,4,3,37,3,2,2,3,2,2,1
0,4,18,4,3,4281,1,3,4,3,1,4,4,65,2,3,2,3,1,2,1
0,2,24,2,9,7985,1,5,3,2,1,3,4,61,3,2,1,3,1,2,1
1,4,15,3,3,2383,1,5,4,1,1,4,3,63,3,3,1,3,1,1,1
1,1,12,2,2,3158,2,4,3,2,1,4,3,47,3,2,1,3,1,1,1
1,2,18,0,3,3321,1,4,4,4,3,4,3,26,2,2,1,2,1,1,1
0,2,24,2,2,4944,5,3,4,3,1,4,3,41,1,2,2,3,1,2,1
1,4,15,2,3,2322,1,5,3,4,1,4,3,46,3,2,1,3,1,1,1
1,3,21,4,4,3387,1,3,1,3,1,2,2,24,3,2,2,3,1,1,1
1,4,6,4,3,387,1,3,4,3,1,2,1,42,3,2,1,1,1,1,1
1,4,24,3,2,1317,5,5,4,2,1,4,1,36,3,1,2,3,2,1,1
1,2,6,2,0,1476,1,1,2,2,1,2,3,23,3,2,1,3,1,1,1
1,2,15,3,0,3777,2,2,2,3,1,2,3,26,3,1,1,3,2,2,1
1,3,12,2,2,3559,1,2,2,4,1,3,2,30,3,2,1,2,1,1,1
1,2,12,2,1,1102,1,3,4,2,1,4,2,26,3,1,1,3,1,1,1
1,4,15,2,3,2136,5,3,4,3,1,4,3,24,3,2,1,3,1,2,1
1,1,15,4,0,900,4,3,4,1,1,1,1,20,3,1,2,3,1,1,1
0,1,30,2,3,6529,1,1,3,2,1,4,2,32,3,1,1,4,1,2,1
1,2,12,0,1,1740,5,3,4,3,1,4,2,31,3,2,1,3,1,2,1
0,1,48,3,0,6344,5,3,3,2,1,4,3,24,3,2,1,4,1,2,1
1,2,48,2,3,3510,5,1,3,3,1,2,3,23,3,3,1,3,1,2,1
0,2,12,2,3,1275,1,3,1,1,1,2,1,26,3,2,1,3,1,1,1
1,1,18,3,1,4449,1,2,1,3,1,2,4,26,1,2,1,3,1,1,1
1,4,18,2,9,4683,5,5,2,2,1,4,4,27,3,2,1,3,1,2,1
0,4,12,4,2,1544,1,4,4,3,1,3,1,33,3,1,1,3,1,1,1
1,2,36,2,3,9753,5,5,3,2,1,2,2,57,3,2,2,3,1,2,1
1,4,48,4,8,5178,5,5,4,2,2,4,1,43,3,2,2,4,1,2,1
1,4,24,4,2,1939,2,5,4,3,2,4,2,33,3,2,2,2,1,2,1
1,3,30,2,3,2874,1,5,4,3,1,4,1,36,3,2,1,3,1,2,1
1,4,18,2,3,5802,4,2,1,3,1,4,2,31,3,1,2,4,1,2,1
0,2,10,3,0,1216,2,5,4,2,1,4,4,34,3,2,1,4,1,2,1
1,4,36,4,3,3972,1,1,2,2,3,4,1,26,3,1,2,3,1,1,1
1,4,36,4,3,8208,1,5,4,2,1,4,3,37,3,2,1,3,1,2,1
1,2,12,2,8,1430,3,3,3,3,2,2,3,30,3,2,1,2,1,1,1
0,4,21,4,3,1885,1,1,2,3,1,2,2,27,3,2,3,2,1,1,1
1,1,24,2,3,4467,2,3,1,3,1,2,1,26,3,2,1,3,1,2,1
0,2,15,4,0,2909,1,2,1,1,1,4,1,36,3,2,1,3,1,2,1
0,1,12,2,0,932,1,2,3,4,1,2,1,39,3,2,2,2,1,1,1
1,2,33,2,2,4747,4,2,4,2,1,3,4,42,1,3,1,3,1,1,1
1,1,6,2,1,3418,1,3,2,1,1,1,3,42,3,2,1,3,1,1,1
1,4,30,3,2,4597,5,5,2,4,1,4,2,38,3,3,4,3,1,1,1
1,2,18,2,0,672,5,5,4,3,1,4,1,32,3,2,1,2,1,2,1
1,2,21,4,0,3804,5,5,2,3,1,3,2,48,3,2,2,3,1,2,1
1,4,24,2,9,2700,1,5,4,3,1,2,1,26,3,2,1,2,1,1,1
0,4,36,0,0,4526,1,4,4,2,1,4,3,39,3,2,1,3,1,2,1
1,4,9,2,3,717,1,5,4,3,1,2,1,38,3,2,1,2,1,1,1
1,4,12,2,6,3841,5,5,3,3,1,3,3,33,1,2,1,3,1,2,1
1,4,36,4,3,7795,1,5,2,1,1,2,3,25,3,2,2,3,1,1,1
1,1,24,1,2,2133,1,4,3,2,1,1,1,35,3,2,1,3,2,1,1
1,1,8,4,0,2239,1,1,4,4,1,1,2,47,3,2,2,4,1,1,1
1,2,12,2,0,1275,5,5,2,3,1,3,3,24,3,2,1,3,2,1,1
0,4,36,2,2,7240,5,2,2,4,1,3,1,26,1,2,1,3,1,1,2
0,2,12,2,3,1300,1,2,4,3,1,2,3,66,1,3,2,3,1,2,1
1,1,18,2,3,1258,5,2,4,2,1,3,3,24,3,2,1,2,1,1,1
1,4,30,2,2,3016,5,5,2,2,1,4,3,38,3,2,2,3,1,1,1
0,1,48,4,1,15895,1,4,1,3,1,2,1,22,1,2,2,3,1,1,1
1,1,24,2,3,2665,1,3,2,3,1,4,3,24,3,2,1,3,1,1,1
1,1,18,2,2,1154,1,3,4,1,1,3,1,23,3,2,2,3,1,1,1
1,2,6,4,3,1412,1,2,4,3,1,2,1,28,3,1,3,3,1,1,1
0,2,10,2,3,1204,1,3,3,4,1,2,2,28,3,2,1,2,1,1,1
1,2,30,4,9,1255,1,4,4,3,1,4,3,35,3,2,1,2,2,1,1
1,1,13,2,6,2925,2,4,1,4,1,2,2,29,1,2,1,3,2,2,1
1,4,24,2,0,15395,5,5,1,3,1,4,4,27,3,2,1,2,2,2,1
1,1,24,2,2,2574,1,5,4,3,1,2,4,58,3,3,1,3,2,1,1
1,1,12,2,3,1907,3,5,4,3,1,4,1,48,3,3,1,2,1,1,1
1,4,18,3,1,1099,1,3,4,2,1,2,2,35,3,1,1,2,1,2,1
0,4,12,2,0,1382,5,5,4,3,1,2,1,24,3,2,1,3,1,1,1
1,1,36,2,2,3160,5,2,4,3,1,2,3,50,1,3,3,3,1,2,1
1,2,18,2,6,2039,1,3,4,2,1,4,4,36,3,3,1,2,2,1,1
0,3,15,4,2,609,1,5,4,3,1,4,3,40,1,2,2,2,2,1,1
1,4,9,4,3,1649,1,5,2,4,3,2,2,28,3,2,2,3,1,1,1
0,1,12,3,3,2442,3,5,3,3,1,4,3,53,3,3,2,2,1,1,1
0,1,36,2,3,1935,1,3,4,3,1,4,1,23,3,2,2,3,1,1,1
1,2,12,3,0,2149,1,5,4,3,1,4,4,27,3,3,2,3,1,1,1
1,1,12,2,2,1849,4,5,2,3,1,4,1,65,3,1,1,3,2,2,1
0,4,36,4,5,4592,1,2,2,2,1,2,1,24,3,2,2,3,1,2,1
1,4,12,4,0,3234,1,4,3,3,1,2,3,44,3,2,2,3,1,2,1
0,4,24,2,3,10318,2,2,2,2,1,2,3,46,3,2,1,4,1,2,1
1,2,6,4,1,1096,2,4,2,1,1,4,2,38,3,2,2,1,1,1,1
1,2,10,1,3,887,1,5,3,3,1,4,3,25,3,2,1,3,1,1,1
1,4,24,0,9,2356,5,3,3,4,1,2,1,36,3,1,1,3,1,2,1
1,4,18,3,6,3565,5,1,1,2,1,3,1,30,3,2,2,3,1,1,1
1,4,10,2,3,1371,5,4,3,2,1,4,1,31,1,1,2,2,1,1,1
0,2,11,1,3,1206,2,1,3,3,1,1,1,29,1,2,1,3,1,1,2
0,1,45,2,2,14643,1,2,2,2,1,3,4,26,3,2,1,3,1,2,1
1,3,15,3,3,2672,3,4,1,2,1,3,1,27,3,1,2,2,1,1,1
1,3,24,2,2,3499,1,3,4,2,1,4,2,55,3,2,2,3,1,2,1
1,2,15,2,0,2378,2,2,2,4,1,2,1,25,3,1,1,2,1,2,1
0,1,8,2,0,726,1,5,4,2,1,4,2,65,3,2,1,2,2,1,1
0,2,48,2,1,10643,1,4,1,2,3,2,2,44,1,2,1,4,2,1,1
0,4,24,3,3,615,2,2,4,3,1,4,1,27,3,2,1,2,1,1,1
1,4,9,4,0,4860,5,3,1,3,1,1,3,50,3,3,2,3,2,1,1
1,2,6,3,0,338,2,4,4,3,1,3,3,58,3,2,1,3,1,2,1
1,2,27,2,9,1904,1,2,4,3,2,2,1,39,1,2,1,3,1,2,1
1,4,12,2,2,4004,1,5,2,2,1,3,2,39,3,1,2,3,1,1,1
0,4,27,2,3,3510,1,3,3,3,1,3,4,25,1,2,1,3,1,1,1
1,1,24,4,3,2579,1,5,1,2,1,4,3,30,3,2,2,3,1,1,1
1,1,12,2,0,874,1,3,4,3,1,2,1,34,3,2,1,4,1,1,1
1,4,21,2,2,2222,3,3,1,3,1,2,1,48,3,2,1,3,1,1,1
1,2,12,2,2,2962,5,3,2,2,1,2,1,29,1,1,1,3,1,1,1
0,1,21,3,1,4603,1,3,1,3,1,4,4,55,3,2,2,3,1,2,1
0,2,10,1,9,2177,1,3,1,2,1,4,2,34,2,2,1,4,2,2,1
1,1,36,2,1,14134,1,2,1,3,1,3,3,23,3,2,1,3,2,2,1
1,4,6,4,9,1231,5,3,4,3,1,2,2,38,3,2,2,3,1,2,2
1,1,24,2,3,1378,1,3,3,3,1,2,2,36,3,2,1,3,1,1,1
0,4,36,2,0,2759,1,5,4,3,1,4,1,36,3,1,1,3,1,2,1
1,4,40,2,3,7802,5,3,4,4,3,4,2,33,3,2,1,4,1,2,1
1,2,6,4,0,426,1,4,4,3,1,4,1,43,3,2,1,3,1,1,1
1,2,15,3,2,1486,2,5,4,3,1,4,2,32,3,2,1,2,1,1,1
1,2,12,2,2,1301,5,4,4,2,1,2,3,37,3,2,1,3,1,2,2
1,2,36,3,3,5821,3,3,4,3,2,2,3,36,3,3,1,2,1,1,1
0,1,48,2,0,10595,5,3,3,2,1,4,3,30,1,2,1,4,1,2,1
0,4,10,2,8,1858,1,3,1,2,1,2,3,33,1,2,2,3,2,2,1
0,1,48,2,2,5483,1,2,4,3,1,2,1,24,3,2,1,3,1,1,1
0,2,42,4,0,5322,1,2,1,3,1,2,4,26,3,2,1,3,1,2,1
1,1,27,0,3,4110,1,3,3,3,1,2,2,36,2,2,1,3,1,1,1
1,2,6,4,0,1258,4,3,2,3,1,4,1,29,3,2,1,3,1,1,1
0,4,8,2,3,796,1,3,2,3,1,2,1,23,3,2,1,2,1,1,1
1,4,21,4,2,3660,1,1,4,3,1,3,2,56,3,2,2,3,2,2,2
1,2,24,4,6,4151,1,5,2,2,1,4,2,29,3,2,1,4,1,2,1
1,2,18,2,0,1756,5,3,4,3,1,3,2,26,3,2,1,3,1,1,1
1,1,6,2,0,1600,2,3,4,3,1,4,2,39,3,2,1,3,1,1,1
1,2,12,2,6,1602,5,3,2,3,1,4,3,32,3,2,2,3,1,2,1
1,1,36,2,3,13979,4,4,2,3,1,4,3,21,3,2,1,3,1,1,1
1,4,12,4,3,1964,1,5,4,3,1,4,4,30,3,3,1,3,1,2,1
1,4,36,2,9,1789,3,4,4,2,1,4,2,31,2,2,1,4,1,2,1
1,4,20,4,2,2074,5,3,4,2,1,3,4,31,3,2,1,4,1,1,1
0,2,48,3,3,10133,1,4,2,3,1,2,3,43,3,2,1,4,1,2,1
1,1,12,2,3,3654,1,4,2,3,1,3,3,52,3,2,1,3,1,1,1
1,4,12,2,0,1204,1,3,2,2,1,2,2,26,3,2,1,2,1,1,1
1,1,24,4,3,3995,1,4,4,1,1,4,3,25,3,2,2,3,1,2,1
1,1,15,3,6,2388,2,4,2,2,1,2,2,26,3,1,1,3,1,1,1
1,3,10,2,3,4742,2,2,2,2,1,2,2,30,3,2,1,3,1,2,1
0,1,24,2,0,3863,1,4,4,3,1,4,2,44,3,2,1,3,2,2,1
0,1,20,2,2,4243,1,2,2,2,1,2,1,23,3,1,1,2,1,1,1
1,3,12,2,2,1311,5,3,4,2,1,1,2,28,3,2,1,3,1,1,1
1,4,18,2,3,3431,4,3,4,3,1,4,3,43,3,3,1,3,2,1,1
0,4,6,2,9,1330,1,4,4,3,1,4,2,35,3,2,1,4,1,2,1
1,1,6,2,0,931,5,4,2,3,2,4,2,35,3,2,1,2,1,1,1
0,2,12,2,10,1061,5,2,4,2,1,3,3,20,3,2,1,3,1,2,1
0,1,12,3,0,1162,5,3,4,2,1,3,1,35,3,1,2,2,1,1,1
1,2,18,4,0,3667,1,3,2,3,1,2,3,40,3,1,1,4,1,2,1
0,1,30,2,10,2346,5,5,4,2,1,2,4,59,1,2,2,3,1,1,1
1,4,9,2,0,2031,1,4,1,3,1,4,2,24,1,2,2,2,2,2,1
1,2,6,2,3,1570,3,4,2,2,1,1,3,34,3,3,2,2,2,1,1
1,4,9,4,2,3654,1,5,1,4,1,4,3,29,1,1,1,3,1,1,1
0,2,24,3,0,11042,1,1,3,3,1,2,3,46,3,2,1,3,1,1,1
1,2,6,2,4,1542,2,3,2,3,1,4,1,50,2,2,1,2,1,1,1
1,4,15,4,0,4841,5,3,2,3,1,4,1,33,3,1,2,3,1,2,1
1,2,24,2,3,4454,5,4,4,2,1,3,3,34,3,2,2,4,1,2,1
1,4,6,2,0,1203,4,3,1,2,1,2,1,26,3,1,1,3,1,1,1
1,3,21,2,3,679,1,4,4,1,1,4,2,26,1,2,1,3,1,2,1
1,1,12,2,3,633,1,5,2,3,3,3,1,37,3,1,1,3,1,2,1
0,2,39,2,2,3730,1,3,2,3,1,4,3,38,3,2,1,4,1,2,1
1,1,12,4,3,574,1,3,4,3,1,2,1,32,3,2,1,3,2,1,1
1,2,15,4,1,1940,1,5,2,3,1,4,1,33,3,2,2,4,1,1,1
1,4,6,4,0,1420,1,5,4,4,1,1,1,40,3,2,1,2,1,1,1
1,1,24,2,0,8646,1,1,2,3,1,2,3,27,3,2,2,3,2,1,1
0,4,24,0,1,1344,4,4,4,2,2,2,2,35,3,2,1,2,1,1,1
1,2,18,4,0,6530,1,3,2,2,1,3,3,35,3,2,2,3,1,1,1
1,4,24,2,3,1347,1,3,4,3,1,2,2,27,3,2,1,3,1,1,1
1,1,24,2,3,1381,1,3,4,3,1,3,3,46,3,2,1,4,1,2,1
1,2,24,1,2,4592,5,3,3,2,1,3,4,29,3,2,1,4,1,2,1
1,4,12,3,1,1209,2,3,4,3,1,4,4,42,3,2,1,3,1,2,1
1,4,14,2,1,1003,1,3,4,2,1,3,2,28,3,1,1,3,1,2,1
0,1,24,4,0,2259,5,4,4,2,1,4,2,35,3,2,1,3,1,1,1
1,1,6,4,2,1308,1,4,3,2,1,2,2,36,3,2,1,3,1,1,1
1,4,12,2,3,1222,1,2,4,3,1,2,4,26,3,3,1,3,1,2,1
0,1,36,2,3,2781,1,3,2,2,2,4,3,25,2,2,2,2,1,1,1
1,2,24,1,3,3496,1,5,4,3,1,1,3,34,3,3,1,3,1,1,1
0,1,45,2,3,9566,5,2,4,4,2,1,1,22,1,1,1,3,1,1,1
1,2,9,1,3,1152,1,3,1,2,1,3,1,34,3,2,1,3,1,1,1
1,4,12,4,0,3979,1,5,4,2,1,4,2,36,3,2,1,4,2,2,1
1,1,18,2,3,865,1,3,3,3,3,3,2,67,3,2,2,3,1,2,2
1,4,12,4,0,2212,5,5,4,2,1,4,1,34,3,1,2,3,1,1,1
0,4,27,2,3,4681,1,5,1,3,1,1,4,32,3,2,1,3,1,1,1
0,1,24,2,0,2863,1,3,1,2,1,4,3,49,3,3,1,2,1,1,1
1,4,21,4,3,4235,1,4,1,4,1,2,3,26,3,2,2,3,1,2,1
0,1,6,2,1,733,1,4,2,3,1,1,2,46,3,2,1,2,1,1,2
0,3,30,3,3,11578,1,4,2,3,1,4,4,41,3,2,2,3,1,2,1
0,1,24,2,3,3617,1,5,2,3,1,4,4,35,3,3,1,4,1,1,1
0,1,18,1,1,3390,1,2,3,3,1,2,2,48,3,2,1,3,2,1,1
1,4,12,2,2,1264,1,2,4,3,1,3,1,38,3,2,1,2,1,1,1
0,2,36,2,3,3143,1,2,4,4,1,1,2,32,3,2,2,3,1,1,1
1,4,27,4,9,3573,5,5,4,3,3,4,2,74,3,2,1,2,1,1,1
1,4,24,2,3,1813,1,3,2,3,1,3,4,23,3,2,1,2,1,1,1
1,3,30,2,2,7156,1,2,2,3,1,2,1,30,3,2,1,4,1,2,1
1,1,10,2,0,1557,3,5,4,3,2,4,2,37,3,2,1,3,1,1,2
1,2,24,2,0,1822,1,5,3,3,1,4,2,27,3,2,1,3,1,1,1
1,2,36,2,0,2346,5,2,3,3,1,3,4,40,1,3,1,3,1,1,1
0,4,48,2,0,6739,1,3,4,3,1,1,2,34,1,2,1,4,1,2,1
1,1,24,2,1,1550,5,2,4,3,1,1,2,37,3,2,1,3,1,2,2
0,1,18,4,9,1940,1,1,3,2,1,1,2,25,3,1,2,3,1,1,1
1,3,24,2,3,1497,1,5,4,3,1,4,3,24,2,2,2,2,1,1,1
1,4,18,4,1,4708,2,5,2,3,3,4,3,34,3,2,1,3,1,2,1
1,4,12,4,3,1322,1,5,4,3,1,3,1,35,3,1,2,4,1,1,1
1,4,27,4,3,3113,1,4,2,3,1,3,3,51,3,2,3,4,1,2,1
0,4,12,2,9,1354,5,5,4,2,2,3,4,65,3,2,1,2,1,1,1
0,1,27,2,0,10967,1,1,1,3,1,4,2,23,2,1,1,3,1,1,2
0,1,18,2,6,3384,1,5,2,2,1,4,3,30,3,2,1,2,1,1,1
0,4,15,2,8,1478,1,5,4,4,1,4,2,33,3,2,1,2,1,1,1
1,4,15,2,6,1049,1,1,2,3,1,2,1,24,3,1,1,3,1,2,1
1,4,18,3,3,3765,1,2,3,3,1,2,1,40,1,2,1,3,1,1,1
1,1,36,4,0,1543,1,3,2,3,1,4,3,34,3,2,2,3,2,1,1
1,4,24,2,9,2513,2,4,2,3,1,3,1,26,3,1,2,3,1,1,1
1,3,12,2,1,1030,1,5,1,1,3,3,1,29,3,1,1,2,1,1,1
1,2,15,2,4,1163,5,5,4,3,1,4,3,35,3,2,1,3,1,1,1
1,3,44,0,3,7123,3,1,3,3,1,1,1,40,1,2,2,3,1,2,1
0,2,18,2,3,6075,5,5,2,2,1,2,3,60,3,2,1,3,1,1,1
1,1,24,4,0,1921,1,5,4,1,1,4,3,36,3,2,1,3,1,1,1
1,2,9,2,0,1179,3,5,3,2,1,4,3,47,3,2,1,2,2,1,1
1,4,6,2,9,1998,5,2,4,3,1,2,2,39,3,2,2,3,1,1,2
1,2,24,4,2,5507,1,3,4,3,1,4,3,31,3,2,3,3,1,2,1
1,4,6,2,3,691,5,3,4,3,1,4,3,35,3,2,2,3,1,1,1
0,2,24,2,2,1413,1,4,4,3,1,2,1,47,3,2,1,3,1,2,1
0,1,30,2,4,10454,4,1,2,3,1,1,2,33,3,2,1,3,1,2,1
1,1,10,2,0,1169,1,2,4,2,1,4,3,23,3,1,1,3,1,1,1
0,4,24,3,9,3963,1,5,2,3,1,2,3,29,3,2,2,4,1,2,1
1,4,12,4,0,2311,5,5,1,3,1,1,3,34,3,2,2,2,2,1,1
1,2,12,2,2,1103,1,2,4,3,1,4,3,21,3,2,1,3,1,1,1
1,1,12,2,1,1881,1,1,4,2,1,1,3,30,3,3,1,3,1,2,1
1,1,24,2,2,3659,1,4,2,2,1,1,1,30,3,1,1,3,1,2,1
1,2,9,2,0,520,1,2,4,3,1,4,1,47,3,3,2,2,2,1,1
0,1,48,4,0,7443,1,5,1,3,1,4,4,57,3,3,2,3,1,1,1
1,1,24,2,3,5032,2,5,2,3,1,4,3,28,3,2,1,3,1,2,1
0,4,36,0,2,9569,1,3,4,1,1,3,4,35,3,2,1,4,1,1,1
1,2,24,3,3,11926,1,5,1,2,1,3,3,28,3,2,1,3,1,1,1
1,4,12,2,3,2063,1,4,4,3,1,2,3,34,3,3,1,3,1,2,1
0,3,9,3,3,2333,3,4,1,1,1,2,1,41,3,1,1,3,1,2,1
1,2,12,4,0,2007,3,3,4,3,1,1,1,60,3,2,1,3,1,2,1
0,2,12,3,6,1237,2,5,4,3,1,4,3,27,3,2,1,3,1,2,1
1,1,9,4,0,339,1,5,3,3,1,2,1,26,3,2,1,2,1,1,1
1,2,12,4,3,3397,1,3,4,3,2,4,3,32,1,2,2,3,1,1,1
1,1,24,4,3,3484,1,5,4,3,1,4,1,65,3,2,1,3,1,1,1
0,2,18,2,2,1285,2,3,3,3,1,4,2,26,3,2,1,2,1,2,1
0,1,15,2,1,1404,2,1,4,2,3,1,1,25,3,2,1,3,1,1,1
1,4,12,2,8,911,5,4,4,3,1,3,1,29,3,1,2,3,1,1,1
0,3,12,3,3,1237,1,2,2,2,1,1,3,24,3,2,1,3,1,2,1
0,2,12,2,2,897,3,5,4,2,2,1,4,54,2,3,1,3,2,1,1
1,4,12,4,2,1544,1,3,3,2,1,3,2,54,3,2,1,3,1,2,1
1,2,12,2,0,1168,1,3,4,4,1,2,1,47,3,2,1,1,1,1,1
1,4,24,2,2,7297,5,3,4,3,1,3,1,27,3,1,1,4,1,2,1
0,4,24,2,3,4526,2,3,2,3,3,2,1,35,3,1,1,4,2,1,1
1,2,24,2,1,7169,1,3,2,2,1,1,3,50,1,2,1,3,1,2,1
1,4,41,2,3,2385,4,1,3,3,1,2,2,23,3,2,2,3,1,1,1
1,4,24,0,6,1415,1,2,1,3,1,2,2,24,3,2,1,1,1,1,1
1,4,24,4,9,3042,1,4,4,2,1,2,2,26,3,2,2,2,1,2,1
0,4,12,2,0,1154,2,5,4,3,1,2,2,40,3,2,1,3,1,1,1
1,2,9,4,2,1123,1,3,4,3,1,3,1,37,2,2,1,2,1,1,1
0,3,27,4,5,2132,1,2,2,2,1,3,3,42,3,2,2,3,1,2,1
0,4,12,2,2,6599,1,3,3,2,1,3,2,30,3,2,1,2,1,1,1
1,2,24,4,1,1835,1,5,4,3,1,4,3,42,2,2,4,2,1,1,1
1,4,18,3,6,1968,1,5,4,4,1,2,1,33,1,2,1,4,2,1,1
1,2,6,2,3,698,1,1,4,1,1,1,1,22,3,1,1,2,1,1,1
1,4,6,3,0,700,1,3,1,3,1,3,1,24,3,2,1,3,1,1,1
0,1,10,2,0,458,1,5,4,2,1,4,2,46,3,2,1,2,1,1,1
1,4,21,3,3,805,1,4,4,3,1,2,3,27,3,2,1,2,1,1,1
0,4,24,2,2,2610,2,3,4,3,1,1,3,20,3,2,2,3,1,1,1
0,3,21,2,0,4168,5,3,4,2,1,4,2,53,3,2,2,2,1,1,1
1,4,24,2,9,2302,1,2,2,4,1,4,2,20,3,1,1,3,1,1,1
1,2,30,1,2,842,1,3,4,2,1,4,2,20,3,2,1,3,2,2,1
1,1,24,2,4,6191,5,4,1,2,1,4,3,33,3,2,1,3,1,1,1
0,2,36,2,2,3778,1,1,2,4,1,4,3,28,3,2,1,3,1,1,1
1,1,9,3,0,1572,1,4,1,3,1,4,3,38,3,2,1,2,2,2,1
0,2,33,2,3,1951,1,3,4,4,1,2,1,22,3,1,1,3,1,1,1
1,4,48,1,0,8898,1,4,4,3,2,4,2,39,3,2,1,4,1,1,1
1,4,24,4,1,3757,1,4,4,3,1,2,3,24,3,3,2,4,1,1,1
1,1,18,4,2,5096,5,3,2,2,1,2,2,32,3,2,2,2,1,1,1
1,4,9,4,0,1442,1,5,2,2,1,4,1,37,3,2,2,3,2,1,1
1,3,48,4,0,7273,5,3,3,3,1,1,3,29,3,2,2,2,1,1,1
0,3,36,2,2,8626,1,4,4,3,1,2,3,47,1,2,2,3,1,2,1
0,2,18,2,6,1084,1,2,4,3,1,2,4,32,1,2,1,3,1,1,1
1,1,24,2,0,3123,5,1,1,3,1,2,4,22,3,2,1,3,1,2,1
1,4,6,3,2,1216,3,2,2,3,1,3,3,57,3,2,1,3,1,2,1
0,1,18,2,3,3609,1,4,2,3,1,1,3,32,1,2,2,3,1,1,1
1,2,30,2,3,7473,1,5,3,3,1,4,4,37,3,2,3,3,1,1,1
1,1,24,2,0,763,1,4,4,3,1,4,3,30,3,2,1,3,1,1,1
1,4,6,4,0,1006,5,2,4,3,1,1,1,33,3,2,1,2,1,1,1
0,4,21,1,9,3059,1,2,3,3,1,1,1,43,1,2,1,3,1,2,1
1,1,18,2,0,3318,5,3,3,2,1,1,3,32,3,2,2,2,1,1,1
1,4,4,2,2,1353,1,2,1,2,1,3,1,41,3,1,2,3,1,2,1
1,3,12,2,3,1275,1,3,2,3,1,4,2,67,1,2,1,2,2,1,1
1,4,6,3,2,1769,1,5,1,2,1,4,1,44,1,1,1,3,1,1,1
1,1,6,2,6,1199,1,3,3,3,1,4,3,45,3,2,2,3,1,1,1
1,4,18,0,9,3486,1,3,4,3,1,1,1,22,3,2,1,3,1,1,1
1,1,12,2,2,782,1,3,4,2,1,3,3,27,3,2,1,3,1,1,1
1,1,24,4,0,2063,1,3,4,1,1,3,1,38,3,1,2,2,1,1,1
1,4,30,0,2,4249,1,1,2,3,1,3,3,21,3,2,1,2,1,1,1
0,2,48,2,0,8479,2,5,2,3,1,2,3,26,3,1,1,3,2,2,1
1,4,24,4,0,3616,1,3,1,3,1,4,1,61,3,1,2,3,1,2,1
1,1,12,4,3,1548,1,2,2,4,1,1,3,27,1,2,1,3,1,2,1
1,1,36,2,2,3130,1,3,4,3,1,4,3,24,3,1,2,2,1,1,1
1,4,24,3,0,1478,1,2,4,2,1,4,2,24,3,1,3,3,2,2,1
1,4,12,2,3,2149,1,5,2,3,1,4,4,31,2,3,2,3,1,1,1
0,3,24,2,3,7231,1,3,1,3,1,4,3,30,1,2,1,4,1,1,1
1,4,36,4,3,5252,5,5,4,2,1,2,3,65,3,3,3,3,2,2,1
1,1,24,2,3,8009,5,4,4,3,1,4,4,34,3,3,1,4,1,2,1
1,4,12,2,0,2035,1,5,4,3,1,4,1,30,3,2,1,2,1,2,1
0,2,27,4,2,4011,1,3,4,3,1,2,2,29,3,2,1,3,2,2,1
0,2,18,1,3,1919,2,5,4,2,1,4,4,24,3,2,1,3,1,2,1
1,3,36,3,0,2702,3,3,4,1,1,4,2,23,3,2,1,3,1,1,1
1,1,48,2,2,10332,1,4,2,3,1,4,2,36,3,1,1,2,2,2,1
0,1,9,0,0,342,1,1,4,4,1,2,1,30,3,1,1,3,1,1,1
1,2,6,2,3,589,1,2,4,3,2,3,4,54,2,3,1,3,1,1,1
1,2,24,4,2,3978,1,3,4,3,1,1,4,39,3,2,2,4,1,2,1
0,4,48,4,3,3415,2,1,4,4,1,2,1,22,3,1,1,3,1,2,1
0,1,24,3,0,6983,1,1,3,3,1,1,3,22,3,2,2,3,1,1,1
1,1,24,3,3,10672,1,3,1,3,2,4,4,31,3,2,1,4,1,2,1
0,3,12,2,0,1542,1,4,4,3,1,3,4,61,3,3,1,2,1,1,1
1,1,6,2,1,1274,1,4,4,3,2,4,3,37,3,2,2,2,2,1,1
1,2,24,0,0,6306,1,5,1,3,1,4,3,66,3,3,1,3,2,2,1
0,1,12,2,0,700,1,2,4,4,1,4,2,21,1,2,1,3,1,1,1
1,4,15,2,3,964,3,3,4,3,1,2,1,33,3,2,1,3,1,2,1
1,4,12,2,2,3054,4,5,3,3,1,4,3,40,3,2,2,3,2,2,1
0,4,36,4,3,2254,1,5,4,4,1,4,3,29,1,2,2,3,1,1,1
1,4,18,4,2,1433,4,4,2,3,1,3,3,33,3,2,3,3,1,2,1
1,2,30,4,2,2751,1,3,4,4,2,1,1,33,3,2,2,3,1,1,1
0,1,42,2,3,5088,1,3,3,2,3,1,1,32,3,2,1,3,1,1,1
1,2,8,2,1,4384,1,4,1,3,1,1,1,28,3,1,1,4,1,2,1
0,1,36,0,5,6756,2,2,1,4,3,2,3,21,2,2,2,3,1,2,1
1,4,24,4,1,7478,5,5,4,2,1,1,3,48,3,2,2,3,1,2,1
0,2,6,2,0,1849,5,5,3,2,1,1,3,32,1,2,1,4,1,2,1
1,4,9,4,3,1237,1,5,4,4,1,4,3,56,3,2,2,4,1,2,1
0,4,6,4,0,810,5,3,2,3,1,4,1,32,3,1,2,3,1,2,1
0,1,9,2,0,1346,5,5,4,3,1,3,1,36,3,2,2,2,2,1,1
1,4,27,4,8,10226,1,4,4,1,1,4,2,68,3,2,2,4,1,2,1
1,1,6,4,2,363,1,5,4,3,1,3,1,53,3,2,2,2,1,2,1
1,4,6,2,0,1128,5,3,4,3,1,4,2,23,3,1,1,2,2,2,1
0,1,48,4,6,7236,1,3,4,2,1,3,4,24,2,2,2,3,1,2,1
1,4,12,3,1,2273,1,3,4,3,1,2,1,59,3,2,1,4,1,1,1
0,4,15,2,1,3427,1,3,1,2,1,2,4,29,3,2,2,3,1,1,1
1,1,20,2,3,9139,1,2,2,2,1,2,1,41,3,1,1,4,1,2,1
1,2,48,2,3,2358,5,3,4,1,1,3,1,37,3,1,1,4,1,2,1
1,2,48,2,0,6400,5,5,4,3,1,2,4,31,3,2,1,3,1,1,1
1,4,12,2,1,1290,1,4,4,3,1,4,3,47,3,2,2,3,1,2,1
1,4,21,4,3,1107,1,3,2,3,1,2,2,26,3,2,2,3,1,1,1
1,4,12,0,9,803,1,5,4,1,2,2,1,33,3,2,1,3,1,1,1
0,1,21,2,0,4800,1,3,4,2,1,4,4,31,3,2,1,4,1,2,1
1,2,36,0,9,5016,1,1,1,1,1,2,3,26,3,2,1,3,1,1,1
1,4,24,2,9,5071,3,2,3,2,1,2,3,34,3,2,1,4,1,2,1
1,4,12,3,1,804,1,3,4,3,1,3,4,32,3,2,1,4,1,2,1
1,3,36,2,3,2932,3,2,4,2,1,4,4,43,3,2,1,3,1,2,1
1,2,6,4,4,655,2,5,2,3,3,4,2,48,3,2,1,2,1,2,1
1,4,6,1,3,1187,1,1,1,3,1,1,1,21,3,1,1,2,1,1,1
0,1,24,2,9,1393,1,3,3,2,1,1,2,20,3,2,1,4,1,1,1
1,1,6,1,2,1813,1,5,1,3,1,3,3,25,1,2,1,3,1,1,2
1,2,24,4,0,3065,1,5,4,3,1,4,4,36,3,2,1,3,1,1,1
1,1,12,2,6,1558,1,1,2,3,1,3,1,23,3,1,1,2,1,1,1
1,1,15,4,3,1450,3,3,3,2,1,2,1,46,3,2,1,4,1,2,1
1,4,6,2,1,4244,5,5,1,2,2,4,3,74,3,2,2,3,2,2,1
1,4,15,2,1,1833,5,5,2,3,1,4,2,40,3,2,1,3,1,1,1
1,4,10,4,0,717,2,3,4,3,1,3,2,29,3,2,1,3,1,1,1
1,2,36,2,2,2992,1,1,3,3,1,2,1,31,3,1,1,3,1,1,1
1,2,6,2,1,433,1,5,2,2,2,4,3,51,3,2,1,4,1,1,1
0,4,9,2,2,682,1,3,4,2,1,4,3,28,3,2,1,3,2,1,1
0,1,8,2,3,622,1,5,4,4,1,2,1,57,3,2,1,2,1,1,1
1,4,12,4,3,3591,3,4,4,3,1,3,3,50,3,1,1,4,1,1,1
1,3,30,2,0,8083,5,2,2,4,1,4,2,60,3,1,1,3,1,2,1
0,1,21,0,5,1384,1,3,3,1,1,2,3,29,3,3,1,3,1,1,1
0,1,12,4,2,1374,1,3,4,3,3,4,2,50,3,2,2,1,1,1,1
1,1,26,2,8,1199,1,2,4,2,1,2,2,28,3,2,1,2,1,1,1
1,1,27,2,1,1908,1,5,4,3,3,4,3,33,1,2,1,4,1,2,1
0,1,12,2,0,2594,1,3,2,2,1,4,2,30,1,2,1,3,1,2,1
1,4,6,4,1,1859,1,5,3,3,1,3,3,36,3,2,2,4,1,2,1
1,3,12,2,9,1081,5,5,4,3,1,4,3,37,3,2,1,3,1,1,1
1,2,15,2,0,927,3,4,4,4,3,3,2,29,3,2,2,3,1,2,1
1,1,24,1,2,4280,1,3,2,2,1,4,1,27,3,2,1,3,1,1,1
1,2,6,3,0,1002,1,4,4,4,1,4,2,58,2,2,1,3,1,1,1
0,3,15,2,2,2103,1,4,4,3,1,2,3,39,3,1,1,3,1,1,2
0,3,48,2,9,6953,4,3,1,1,1,2,4,22,3,2,1,3,1,1,1
1,1,48,2,9,2405,1,3,4,3,1,3,3,20,3,2,1,3,1,1,1
1,4,7,4,6,3104,3,3,2,3,1,4,4,60,2,3,2,2,1,1,1
1,4,24,2,0,2000,5,3,2,2,1,3,2,27,3,2,1,2,1,1,1
1,4,48,2,3,8707,1,4,4,1,1,4,4,51,3,2,1,4,1,2,1
1,2,18,4,0,1804,1,1,2,1,1,2,3,28,1,2,1,3,1,1,1
1,3,45,2,0,3049,5,5,4,3,1,2,4,31,2,2,1,3,1,1,1
1,1,36,1,1,4458,1,1,3,4,1,2,3,27,3,2,1,3,1,2,1
1,4,24,2,1,1299,4,5,3,2,1,4,1,32,3,2,1,3,1,1,1
1,1,18,4,0,1403,2,4,4,3,1,4,3,27,3,2,1,3,1,2,1
1,3,20,2,9,3867,1,1,4,2,1,1,3,24,1,3,2,4,1,2,1
1,2,18,2,2,3617,1,5,2,3,2,4,2,47,1,2,1,3,1,1,1
1,4,6,2,2,1236,1,4,4,4,1,1,2,30,3,2,1,3,1,1,1
1,4,18,2,9,2612,1,5,1,2,1,4,3,48,3,2,2,4,1,2,1
1,2,36,2,9,1924,5,5,2,3,1,2,1,27,3,2,1,2,1,1,1
1,4,12,2,0,1957,2,4,4,3,1,4,1,23,3,1,1,2,1,1,1
0,1,9,2,3,1115,1,3,4,3,1,1,3,34,1,2,1,3,2,1,2
1,2,24,2,9,3447,1,3,1,3,1,2,1,32,3,1,3,2,1,1,1
1,2,24,4,3,5301,1,1,3,3,1,2,2,23,3,1,2,3,1,1,1
1,2,45,4,3,4920,1,5,4,3,1,4,3,30,3,2,2,3,1,2,1
0,2,24,2,6,2638,1,2,2,2,1,2,2,24,3,1,2,3,1,1,1
1,3,9,4,0,1532,2,3,1,3,1,1,3,40,2,2,1,3,2,1,1
1,1,12,4,3,2285,1,5,4,2,1,4,3,36,3,2,2,2,1,1,1
0,2,12,2,9,1258,1,3,1,1,1,4,2,34,1,2,1,3,1,1,1
1,4,15,4,0,4028,2,5,2,2,1,3,1,31,3,1,2,3,1,2,1
1,4,18,4,9,2826,4,5,1,1,1,4,2,34,3,2,3,3,1,1,1
0,1,9,2,0,2174,1,3,2,3,1,4,4,46,3,3,1,2,1,1,1
1,4,24,4,2,7353,5,5,4,3,1,1,1,49,3,2,1,4,1,2,1
1,2,24,4,2,9275,5,3,2,1,1,4,3,50,3,2,2,3,1,2,1
0,1,60,3,1,8430,1,3,4,3,1,4,4,52,1,3,1,4,1,2,1
1,4,12,2,0,1299,5,3,2,4,1,4,1,27,3,2,2,3,1,2,1
0,4,18,4,3,1337,1,2,2,3,1,4,1,38,3,1,1,3,1,2,1
1,4,18,4,1,1333,1,3,4,2,1,1,1,27,3,1,1,3,1,1,1
1,4,6,2,3,684,1,5,4,3,1,2,1,39,3,2,1,2,1,2,1
1,4,20,2,0,8382,1,5,2,1,1,4,4,39,3,2,1,4,1,2,1
1,4,24,4,2,7142,2,3,4,2,3,2,1,36,3,2,1,4,1,2,2
0,2,10,4,0,1262,4,4,4,2,1,4,4,34,3,2,2,3,1,1,1
1,4,47,2,3,2151,3,3,2,2,1,4,1,25,3,2,1,3,1,1,1
0,4,27,2,0,5316,4,5,2,4,1,2,1,44,3,2,1,3,1,2,1
1,2,24,2,0,3858,1,3,2,3,1,3,4,32,1,3,1,3,1,2,1
1,4,12,2,3,3602,1,1,3,1,1,1,4,27,1,2,2,3,1,2,1
0,4,12,4,3,1047,1,5,4,2,1,4,4,39,3,2,2,4,1,2,1
0,2,18,2,3,4366,5,2,2,3,1,3,3,74,3,3,1,3,1,2,1
1,4,24,0,2,3640,5,4,4,3,1,3,3,55,1,3,1,3,1,1,1
0,2,12,1,2,3511,3,4,4,2,1,4,3,49,1,2,2,2,1,1,1
1,3,24,2,9,6849,5,4,3,2,1,2,4,37,3,3,1,3,1,2,1
0,1,27,2,6,2740,1,2,4,4,1,3,4,37,3,3,1,3,1,1,1
1,2,9,2,2,1961,1,3,4,1,1,2,3,27,3,2,1,3,1,2,1
1,1,15,4,9,1231,1,3,4,2,1,4,3,26,1,3,1,3,1,1,1
1,4,27,2,3,1495,1,4,4,3,1,2,2,20,3,3,1,3,1,2,1
1,2,21,2,3,7903,1,3,2,3,1,1,2,37,1,2,2,3,2,2,1
1,2,24,2,3,388,2,5,4,3,1,4,4,53,3,2,1,2,1,1,2
1,4,33,1,3,4298,1,3,1,3,1,1,1,27,3,1,1,4,1,2,1
1,4,18,4,0,2322,3,2,4,3,2,2,3,23,3,2,1,3,1,1,1
1,2,18,4,3,2393,1,5,2,3,1,4,3,60,3,2,1,3,1,2,1
0,1,18,2,3,3972,1,2,1,2,1,4,4,32,3,2,2,3,1,1,1
1,4,36,4,3,2907,1,3,4,1,1,4,3,36,3,2,2,3,1,1,1
1,2,12,2,6,2631,1,1,1,3,1,4,3,35,3,2,1,3,1,1,1
1,3,15,2,3,3752,1,2,2,2,1,2,3,39,3,2,2,3,1,1,1
0,1,6,0,0,1314,1,5,2,3,1,4,4,28,3,2,1,4,1,1,1
0,4,60,2,2,9260,5,3,4,3,1,4,4,30,3,2,1,3,1,2,1
1,1,15,2,1,958,1,2,2,2,1,4,4,34,3,3,1,2,1,1,1
0,4,60,2,2,4795,5,4,4,2,1,3,4,35,3,2,2,4,2,1,1
1,4,36,3,6,11978,1,3,2,2,1,2,3,24,3,2,1,3,1,1,1
0,1,9,4,0,1279,1,2,2,3,3,4,3,29,3,2,1,3,1,1,1
1,3,15,2,3,1055,1,3,2,2,1,4,1,38,3,2,2,2,2,1,1
1,2,9,2,5,2743,1,1,2,3,1,2,1,26,3,1,1,3,1,1,2
0,2,24,4,0,2760,1,2,2,2,1,4,3,26,1,2,2,3,2,1,1
0,4,36,2,0,1948,1,3,2,2,1,2,4,30,3,2,1,3,1,2,1
1,2,25,2,1,2824,2,5,3,3,1,4,3,52,3,2,1,3,1,2,1
0,2,18,4,2,2740,3,4,3,3,1,3,3,38,3,2,1,4,1,1,1
