Creditability,Account.Balance,Duration.of.Credit..month.,Payment.Status.of.Previous.Credit,Purpose,Credit.Amount,Value.Savings.Stocks,Length.of.current.employment,Instalment.per.cent,Sex...Marital.Status,Guarantors,Duration.in.Current.address,Most.valuable.available.asset,Age..years.,Concurrent.Credits,Type.of.apartment,No.of.Credits.at.this.Bank,Occupation,No.of.dependents,Telephone,Foreign.Worker
1,2,48,4,6,14253,1,2,1,2,1,1,3,27,3,2,1,4,1,2,1
1,2,24,3,1,3857,5,5,4,3,1,3,2,37,1,2,1,4,1,2,1
1,1,24,1,9,1838,1,2,1,2,1,2,3,31,3,2,1,3,1,2,1
1,1,22,1,2,2322,1,1,2,3,1,4,3,31,3,2,1,4,1,2,1
1,4,9,4,9,1264,1,4,4,3,1,3,1,35,3,1,3,4,1,2,1
1,4,54,2,9,1366,2,5,4,4,1,2,3,43,1,3,1,3,2,1,1
0,1,27,2,3,8325,1,3,4,3,2,4,2,55,1,2,1,3,1,1,1
1,1,15,4,0,1579,1,3,4,3,1,4,3,59,3,2,2,2,1,2,1
0,2,6,2,0,725,1,5,4,3,1,3,1,20,3,1,1,3,1,1,1
0,1,18,2,0,2429,1,3,2,2,1,4,3,49,3,2,1,2,1,1,1
1,2,10,2,2,1046,1,3,2,3,1,2,1,25,3,1,1,3,1,1,1
1,1,15,2,2,4921,5,5,4,3,1,4,3,26,3,2,1,3,1,2,1
0,2,18,2,2,1503,3,4,2,3,3,3,1,59,3,2,1,3,1,1,1
1,2,9,4,9,1280,1,3,4,3,1,1,2,25,3,2,1,3,2,1,1
0,2,24,2,2,9266,1,1,2,2,1,1,1,21,3,1,2,3,1,2,1
1,4,10,4,9,727,1,4,4,3,1,4,3,39,3,2,2,3,2,1,1
1,4,24,1,3,3524,1,2,4,2,1,3,2,27,1,2,1,4,1,1,1
1,1,24,4,1,8449,3,5,4,2,1,2,4,39,1,3,1,3,2,1,1
1,1,24,2,0,2387,5,3,4,2,1,3,2,39,1,2,2,3,2,2,1
1,4,18,2,0,1990,5,3,4,2,1,2,3,28,3,2,1,4,1,2,1
1,1,12,4,0,2506,1,5,2,2,1,4,3,40,3,2,1,3,2,1,1
0,2,24,2,3,1065,1,3,4,3,1,4,1,28,3,2,1,3,1,1,1
1,4,12,4,2,1191,1,3,2,1,1,3,1,33,3,1,2,3,1,2,1
0,1,24,2,3,2116,5,2,4,4,1,2,1,26,3,2,2,3,1,1,1
1,3,12,0,2,1563,1,4,3,4,1,2,3,39,2,2,1,3,1,1,1
1,4,24,2,6,3976,1,4,2,2,1,2,4,47,1,2,2,4,1,2,1
0,4,18,2,2,2134,1,5,4,2,1,4,3,41,3,2,1,4,1,2,1
1,1,36,2,2,3442,1,3,4,4,2,4,3,35,2,2,1,3,1,2,1
1,4,12,4,0,1350,3,4,4,2,1,2,1,54,3,2,3,2,1,1,2
1,2,24,0,9,4146,3,1,4,2,1,2,1,31,3,1,1,3,2,2,1
0,1,24,0,0,6873,3,5,4,1,1,4,1,34,1,1,1,3,1,1,1
1,2,48,2,3,14868,3,2,2,3,1,3,4,28,3,2,2,4,1,1,1
1,1,18,2,9,997,1,5,4,3,3,4,2,23,3,1,2,3,2,1,1
1,4,15,2,3,1940,1,1,3,3,1,1,2,38,3,2,2,3,1,1,1
1,4,12,1,0,901,1,2,1,3,1,2,1,25,1,1,1,1,1,1,1
0,2,8,4,0,1849,1,4,2,2,1,3,2,22,3,2,1,3,1,1,1
1,4,12,1,3,2981,5,3,2,3,1,2,1,49,3,2,1,2,2,2,1
1,2,24,4,2,2995,2,3,3,3,1,4,4,52,1,3,1,3,2,1,1
1,4,12,4,2,1992,5,4,4,3,1,2,3,54,1,2,1,3,1,2,1
1,1,9,2,0,935,5,3,2,3,1,4,3,30,3,3,1,3,1,1,1
1,1,6,2,1,791,2,4,3,3,1,4,1,46,1,2,3,3,2,1,2
1,4,12,4,5,372,1,5,4,4,1,4,1,32,3,2,3,1,1,1,1
1,4,24,4,9,2577,3,4,3,4,1,2,3,37,3,2,1,3,1,2,1
0,4,36,2,6,11984,1,1,1,3,1,1,3,22,3,2,2,3,1,2,1
0,4,24,3,0,1533,5,3,4,3,1,4,2,33,3,2,1,3,1,1,1
0,1,48,2,9,11578,1,5,4,3,1,4,4,37,1,3,2,3,1,2,1
1,4,24,1,0,2791,1,2,3,3,1,3,1,40,3,2,1,3,1,1,1
0,4,6,2,0,456,1,5,4,3,1,3,3,35,3,2,1,3,1,1,1
0,4,9,2,3,2039,1,2,2,3,1,2,2,49,3,2,1,3,2,2,1
0,1,36,2,2,3611,2,4,4,2,1,4,4,32,3,3,1,3,1,1,1
1,4,36,2,6,6353,1,3,2,3,1,4,2,47,3,2,2,3,1,1,1
1,4,24,4,9,6503,5,3,2,3,1,4,2,43,3,2,1,3,1,2,2
1,2,24,4,3,4458,3,5,4,3,1,4,3,37,3,1,2,3,1,1,1
1,4,24,0,3,2612,2,5,1,3,1,2,1,49,1,2,1,3,1,1,2
1,1,9,2,3,2239,1,2,2,2,1,4,3,24,1,2,1,3,2,1,1
1,4,10,4,3,1244,1,3,3,3,1,3,2,31,1,2,3,3,1,2,1
0,4,21,2,2,2577,5,1,4,2,1,3,2,20,1,2,1,3,1,2,1
1,1,18,2,3,2923,2,5,3,3,1,3,4,65,3,2,1,4,1,2,1
1,2,15,2,3,1288,1,5,4,2,1,3,3,35,3,2,2,3,1,2,1
0,1,10,2,3,604,1,3,4,2,1,2,2,54,3,2,1,2,1,1,1
0,2,12,2,0,1082,2,2,3,3,1,1,1,25,3,2,1,3,1,1,1
1,4,12,0,3,1543,5,4,4,3,1,2,1,54,2,2,1,3,2,1,1
0,2,60,2,0,11574,5,4,2,2,1,4,3,46,1,3,2,3,2,1,1
0,2,21,0,1,2180,1,3,4,3,1,2,1,28,1,1,1,1,1,1,1
1,4,12,4,0,1545,5,3,4,3,1,1,1,31,3,2,1,3,1,1,1
1,2,30,1,3,3398,1,2,4,2,1,2,1,27,3,2,2,2,1,1,1
1,1,6,2,2,935,1,2,1,3,1,3,1,22,3,1,1,2,1,2,1
0,1,6,2,0,433,1,1,4,3,1,1,1,31,3,2,2,4,2,1,1
0,2,12,2,2,4647,1,3,2,4,1,1,2,36,3,2,1,4,1,2,1
0,4,15,3,9,2362,1,5,3,4,1,4,3,28,3,2,1,3,1,1,1
1,4,24,3,7,1413,1,3,3,3,1,2,3,26,3,3,1,3,1,1,1
1,4,15,4,3,2319,1,5,4,2,1,2,3,57,3,1,1,4,1,2,1
1,4,36,3,6,5024,1,5,3,1,1,3,4,68,1,2,2,3,2,2,1
1,1,36,1,6,2897,5,5,1,3,1,3,3,40,3,2,1,3,1,1,1
0,1,12,2,2,1287,2,3,4,2,1,1,2,30,3,2,1,3,1,1,1
1,4,10,4,1,1463,1,5,4,3,1,4,2,63,3,2,1,3,1,1,1
0,2,24,2,0,2121,1,1,2,3,1,2,1,27,3,2,1,3,1,1,1
1,4,18,2,0,588,1,5,4,4,1,2,3,50,3,2,1,3,1,1,1
1,1,12,4,9,1536,1,5,1,3,1,4,2,62,3,2,1,2,1,2,1
0,2,48,2,1,15664,1,3,1,2,1,4,4,56,3,2,1,3,1,1,1
1,1,39,2,2,6224,2,3,1,3,1,2,2,34,3,2,1,2,1,1,1
0,1,6,4,0,3496,1,2,1,2,1,4,1,64,3,2,2,4,1,2,1
1,4,21,2,3,8383,1,3,4,2,1,2,3,35,3,2,2,4,1,2,1
0,2,42,3,2,2145,1,4,4,2,1,2,2,37,3,2,2,3,1,1,1
0,2,15,3,0,1047,1,5,4,3,1,3,1,26,3,2,1,2,1,1,1
1,3,18,2,0,3421,2,5,4,3,1,4,2,22,3,1,1,3,1,2,1
1,2,12,2,2,639,1,3,3,3,1,1,2,25,3,2,1,3,1,1,1
1,4,6,4,6,1517,5,3,3,2,1,3,3,40,1,2,2,3,1,2,1
0,1,9,2,3,2210,1,2,1,2,1,2,1,25,3,2,1,2,1,1,1
1,1,12,2,10,1927,1,5,2,3,1,3,2,29,1,2,2,3,1,1,1
1,4,20,4,3,896,5,3,4,3,1,4,2,24,3,2,1,2,1,1,1
1,2,24,3,2,1950,1,5,4,2,1,4,2,40,3,2,1,3,1,2,1
0,4,11,2,3,1206,1,5,2,3,1,4,3,55,3,2,1,2,1,1,1
1,1,6,4,5,846,1,1,2,2,1,2,3,24,2,2,2,3,1,1,1
1,3,24,1,2,2359,1,2,2,2,1,1,3,20,3,2,1,2,1,1,1
1,4,36,2,9,11862,1,5,1,3,1,4,2,36,3,2,1,4,1,2,1
0,1,45,3,9,5085,2,5,1,2,1,2,1,21,3,2,2,4,1,2,1
0,4,6,4,2,756,1,3,3,2,1,1,1,22,3,1,3,3,1,1,1
1,1,18,2,0,1163,1,5,3,3,1,3,2,39,3,2,1,2,1,2,1
1,2,12,3,1,1222,1,1,4,4,1,2,1,20,3,2,1,3,1,1,1
1,4,12,2,6,868,1,1,3,4,1,2,2,33,3,2,1,3,1,2,1
0,4,30,2,2,7173,2,5,4,1,1,4,3,35,3,2,1,4,2,2,1
1,3,36,1,6,5952,5,5,4,1,1,2,2,34,3,1,1,3,1,2,1
0,1,12,2,0,1481,1,4,2,3,1,1,3,36,1,2,1,3,1,1,1
1,4,24,4,3,3027,1,4,2,3,1,4,1,43,3,2,4,2,1,1,1
1,1,15,2,9,6468,1,3,3,3,1,4,3,39,3,2,2,4,1,2,1
1,1,9,2,1,1924,1,5,2,4,1,4,1,30,3,1,2,3,1,1,2
1,1,24,3,2,3650,2,2,4,2,1,2,1,30,3,1,2,3,1,1,1
1,4,9,2,3,1245,1,3,4,4,1,4,3,38,3,2,1,2,1,1,1
1,2,12,2,3,2606,5,3,2,3,1,4,3,54,3,2,1,4,1,2,1
1,4,12,2,2,3496,5,3,3,2,1,4,2,23,3,2,1,3,2,1,2
1,4,30,2,2,2577,1,4,1,2,1,3,3,34,3,2,1,2,1,1,1
1,2,21,1,2,589,1,1,4,3,1,4,3,28,3,2,1,3,1,1,1
0,1,60,2,4,6301,1,4,4,4,1,1,2,47,1,2,1,3,2,1,1
0,1,24,2,0,2975,2,2,4,3,1,3,4,24,1,2,1,3,1,1,1
0,2,10,3,1,2171,1,3,3,2,1,4,3,34,3,2,2,3,1,2,1
1,2,8,2,6,2394,1,3,1,3,1,2,1,28,3,2,1,3,2,1,1
1,2,15,4,6,1237,1,5,3,3,1,3,1,26,3,2,1,2,1,1,1
1,3,21,2,0,2605,1,3,2,3,1,4,3,36,1,2,1,3,1,2,1
1,4,18,2,3,1700,1,3,4,2,1,2,2,32,3,2,2,3,2,1,1
1,3,48,2,0,12038,5,3,4,4,1,2,3,26,3,2,1,3,2,1,1
0,1,8,2,2,1166,1,2,4,2,1,3,1,30,3,2,1,2,1,1,1
1,2,48,4,0,15662,1,5,1,2,1,3,4,29,3,2,1,4,1,2,1
1,1,6,2,1,1473,1,2,3,3,1,1,1,25,3,1,1,2,1,2,1
1,1,39,2,3,4281,4,3,1,1,1,2,2,23,3,2,1,3,1,1,1
1,2,30,2,3,12593,5,2,2,3,1,4,4,29,3,2,1,3,2,1,1
0,1,36,0,2,12677,1,3,4,3,1,2,3,26,3,2,1,3,1,1,1
1,1,12,2,2,1895,5,2,1,2,1,2,1,32,3,1,1,3,1,2,1
0,1,30,4,2,2748,1,2,4,3,1,2,1,43,2,2,1,2,1,1,1
1,4,24,2,9,1899,1,5,4,2,1,2,2,35,3,2,1,3,1,1,1
1,2,12,1,3,958,1,3,4,3,1,2,2,29,3,2,1,3,1,1,1
1,3,24,2,9,2677,1,2,4,1,1,4,3,32,1,1,2,2,1,1,1
0,2,21,2,3,1478,2,4,3,2,1,2,1,36,3,2,1,2,1,1,1
1,4,9,1,6,1208,3,2,3,4,1,1,3,34,3,2,1,3,1,2,1
1,3,6,4,9,1258,1,5,3,4,1,4,1,65,3,2,2,3,2,2,1
0,3,24,2,0,6194,2,5,4,3,1,2,1,22,3,1,2,3,1,2,1
1,1,12,2,2,1743,5,2,4,3,1,1,2,36,3,2,1,3,2,1,1
1,1,15,4,5,6974,1,1,1,3,1,3,3,32,3,3,1,3,1,2,1
1,2,24,2,2,1796,1,5,4,3,1,4,1,40,3,2,2,2,1,2,1
1,1,12,3,3,1049,1,5,4,3,1,2,2,25,3,2,1,3,1,1,1
1,4,18,4,9,2289,1,2,4,2,1,1,1,26,3,2,1,3,1,1,1
1,4,27,4,2,3917,1,5,2,3,1,2,3,66,3,3,2,3,1,2,1
0,2,24,2,3,1724,1,4,2,2,1,4,1,29,3,1,2,2,1,1,1
1,2,20,2,3,1845,1,5,4,3,1,1,1,31,1,1,2,3,1,2,1
0,3,24,2,2,3247,2,3,4,3,1,4,3,44,3,3,1,3,1,1,1
1,2,11,4,2,1374,1,3,2,3,1,4,4,23,3,3,1,3,1,1,1
1,4,24,2,9,3869,4,5,2,3,1,4,3,42,3,3,1,3,1,2,1
0,3,48,1,3,11647,1,1,1,3,1,1,2,27,3,2,1,3,1,1,1
1,2,20,2,9,1574,1,2,3,3,1,3,1,27,3,1,2,2,1,1,1
0,2,6,2,1,6560,1,3,1,3,1,4,3,28,3,1,1,2,1,1,2
0,4,24,4,0,2302,5,3,4,2,1,4,1,55,3,2,2,3,1,2,1
1,4,18,4,3,1435,1,2,4,3,1,1,1,27,3,3,1,4,1,2,1
0,1,12,2,3,1573,1,3,4,3,1,2,1,35,3,1,2,3,1,2,1
1,4,24,4,0,2957,5,2,2,4,1,1,2,30,3,2,2,3,1,1,1
0,3,24,2,0,6844,5,5,2,1,1,4,4,26,3,2,1,3,1,1,1
1,3,48,4,6,3847,4,3,4,2,1,4,3,43,1,2,2,3,1,1,1
0,1,45,2,3,3574,4,2,4,3,1,2,3,26,3,2,1,3,1,2,1
0,4,48,4,8,2241,1,3,4,3,1,4,4,48,3,3,1,3,1,2,1
1,3,9,2,2,792,1,2,4,3,2,2,1,20,3,1,1,3,1,1,1
0,2,48,2,0,9018,1,2,3,4,1,2,4,23,3,2,1,3,1,2,1
0,2,21,2,0,2624,1,1,4,3,1,2,2,30,3,1,1,3,1,1,1
0,1,24,2,3,3521,1,3,3,3,1,2,4,27,3,3,1,3,1,1,1
1,4,4,3,9,385,1,3,2,3,1,4,2,51,1,1,4,3,2,2,1
0,1,24,4,2,4734,1,5,4,2,1,3,2,42,3,2,2,4,1,2,1
1,2,36,2,0,14864,1,2,4,4,1,4,2,35,3,1,1,3,1,2,1
1,2,36,2,3,1532,5,3,4,3,1,3,2,40,3,2,1,3,2,1,1
0,1,12,2,3,1409,2,4,4,3,1,2,2,35,3,2,2,3,2,1,1
1,4,12,1,3,2995,1,3,4,2,3,4,4,30,1,2,1,4,1,1,1
1,1,6,4,2,1055,5,3,1,3,1,2,1,27,3,1,1,1,1,1,2
0,1,21,2,3,9125,1,5,1,2,1,4,3,33,3,2,2,2,1,1,1
0,2,18,4,2,1953,1,2,4,3,1,4,3,27,3,2,1,3,1,2,1
1,1,24,2,3,2329,2,3,2,3,1,4,2,30,3,2,2,3,1,2,1
1,1,15,2,0,2246,2,5,4,3,1,2,2,36,3,2,1,4,1,1,1
0,2,8,3,2,349,1,4,4,3,1,4,3,45,1,2,2,3,1,2,1
1,4,24,4,2,5815,1,4,1,2,1,2,3,28,3,2,2,3,1,1,1
1,2,21,2,3,2468,5,4,4,3,3,4,3,30,3,2,1,3,1,1,1
0,2,10,2,0,2206,1,2,2,2,3,2,1,31,3,2,1,3,1,1,1
0,4,24,4,5,1189,2,2,3,3,1,2,2,44,2,2,1,3,1,2,1
1,2,9,4,2,2293,5,2,2,2,1,1,1,39,3,2,1,3,1,1,1
1,2,12,3,3,1601,5,5,4,4,1,4,2,29,3,1,2,4,1,2,1
1,1,12,4,2,1845,1,3,4,2,1,1,1,32,3,2,2,3,2,1,1
1,2,6,2,0,1123,1,4,4,3,1,1,2,40,3,1,2,3,2,1,1
1,4,12,4,9,1345,3,5,4,2,1,4,1,54,1,2,2,4,1,1,1
1,2,6,4,0,1007,1,3,2,2,1,4,3,31,3,2,1,4,1,1,1
1,4,11,2,0,2670,1,4,4,2,1,4,1,26,3,2,1,3,1,2,1
0,1,11,4,0,481,1,3,4,3,1,4,1,43,1,1,1,2,2,1,2
1,2,9,2,9,1204,1,3,4,3,1,1,3,24,3,2,2,2,2,1,1
0,2,18,4,2,1369,1,3,3,3,1,4,1,34,3,2,2,1,1,1,1
1,2,18,1,0,1300,1,5,4,3,1,3,4,59,3,3,1,4,1,2,1
1,2,7,2,0,1409,1,5,2,3,1,4,2,36,3,2,2,3,1,1,1
1,4,24,2,2,3017,1,5,2,3,2,2,1,35,3,2,1,3,2,1,1
1,4,6,2,6,1055,1,3,1,4,3,2,1,34,3,2,2,2,1,1,1
1,4,6,2,0,481,1,3,2,3,1,2,3,35,3,3,2,3,1,1,1
0,1,60,2,3,4782,2,5,2,3,1,3,4,40,3,3,1,3,2,2,1
1,2,24,2,5,14656,1,3,2,4,1,3,2,35,1,2,1,3,1,2,1
1,2,12,4,0,4280,1,2,1,3,1,2,4,31,3,2,1,2,1,1,1
1,2,11,2,2,1961,1,1,4,3,1,1,2,51,3,2,2,3,1,2,1
1,1,10,4,1,1282,1,2,1,3,1,3,2,31,3,1,2,2,1,1,1
1,1,9,2,5,508,1,5,4,3,1,4,4,38,3,2,1,2,1,2,1
1,4,27,2,2,4693,5,4,4,4,1,4,2,32,3,2,1,2,1,1,1
0,2,33,4,3,4141,2,4,4,3,1,4,3,42,3,2,4,3,1,2,1
1,2,36,4,3,1245,3,4,4,3,1,4,3,28,1,2,3,2,2,1,1
0,1,24,1,1,2359,2,3,4,2,1,4,4,30,1,2,1,3,2,1,1
1,4,6,4,0,1190,2,4,2,3,1,4,3,63,3,2,2,3,1,1,1
1,4,12,4,3,1193,1,3,4,4,1,1,1,29,3,2,2,2,1,1,1
0,2,12,2,5,1808,2,3,4,3,1,3,3,40,3,2,1,3,1,1,1
0,1,27,2,8,1513,1,4,4,3,2,4,2,74,3,3,1,3,1,2,1
1,4,24,2,9,3832,4,3,2,3,1,2,2,37,3,2,1,2,1,1,1
1,1,36,2,3,2328,4,3,2,4,1,1,1,33,3,2,2,2,1,1,1
1,4,6,2,2,3959,1,2,2,2,1,3,3,31,3,2,1,4,1,2,1
1,4,6,2,2,1245,5,5,4,2,1,3,1,27,3,2,1,2,1,1,1
1,2,24,4,2,3148,1,5,4,2,1,4,4,61,3,3,1,3,1,1,1
1,2,48,2,0,6468,1,1,4,3,1,4,4,36,3,2,1,3,1,2,1
1,2,18,2,1,2825,5,2,2,2,1,2,2,25,3,2,1,3,1,1,1
0,1,48,2,0,9246,5,3,2,3,1,3,3,20,3,2,1,2,1,1,1
1,4,15,4,1,2100,4,3,2,3,1,2,1,32,2,2,1,3,1,2,1
0,4,12,1,0,1845,1,2,4,2,1,3,2,24,3,1,1,4,1,2,1
1,4,24,4,1,2964,1,5,4,1,1,4,4,64,3,2,2,3,1,2,1
1,1,36,1,2,3393,1,3,4,2,1,4,4,25,3,2,1,3,1,1,1
0,1,24,4,2,2579,1,2,4,4,1,2,4,37,1,2,1,3,1,1,1
1,4,12,2,8,624,5,3,2,3,1,4,1,46,1,2,1,2,1,1,1
1,1,12,4,0,2653,4,5,2,2,1,4,1,51,3,2,2,3,1,2,1
1,1,24,4,3,6227,4,5,3,4,3,4,2,45,3,1,2,3,1,2,1
1,1,24,2,6,3238,5,2,4,2,1,4,4,42,3,2,1,3,1,2,1
0,1,9,2,3,2245,1,1,3,2,1,2,2,21,3,1,1,3,1,2,1
1,2,9,1,2,1924,1,4,1,3,1,2,3,33,2,2,2,3,1,1,1
0,4,30,4,0,1884,1,3,1,2,1,2,2,42,3,2,1,2,1,1,1
1,1,9,4,0,2575,1,4,2,2,1,4,3,47,3,3,2,3,2,1,1
1,4,18,4,3,4030,1,3,2,3,1,3,3,49,3,2,3,3,1,2,1
1,4,24,4,3,1220,1,1,3,4,1,1,3,25,1,2,2,2,1,1,1
0,4,24,1,5,1481,1,4,3,2,1,2,1,27,3,1,1,3,1,1,1
1,1,30,2,9,3594,1,3,2,3,1,4,3,39,1,2,1,4,1,2,1
1,4,30,3,3,2205,5,5,4,3,1,4,3,53,1,3,1,3,1,1,1
1,1,10,4,0,594,2,3,4,3,1,3,1,20,3,1,2,3,1,1,1
1,2,12,2,0,3662,1,2,3,4,2,4,1,27,3,1,1,4,1,1,1
1,3,18,4,3,10148,2,2,3,2,1,4,3,46,3,2,1,3,1,2,1
1,1,45,3,0,3017,2,1,4,3,2,3,1,23,3,2,1,2,1,1,1
1,2,12,2,1,958,1,1,2,3,2,1,3,22,3,2,1,1,1,1,1
0,3,24,3,9,1240,1,3,4,3,1,2,3,44,3,2,2,2,1,2,1
1,4,12,3,0,3342,5,5,4,3,1,4,3,38,3,2,1,3,1,1,1
0,2,24,4,0,2031,1,4,2,3,1,2,3,47,3,2,3,3,1,1,1
1,4,15,4,1,1286,1,4,2,3,1,4,2,28,3,2,1,4,1,1,1
1,4,15,4,0,1539,5,3,4,2,1,4,3,44,3,2,1,2,2,2,2
1,2,36,2,9,6876,1,4,4,4,1,3,4,33,3,3,1,4,1,2,1
0,1,20,2,1,2677,1,5,4,1,1,4,1,31,3,1,2,4,1,2,1
0,4,48,2,3,3394,5,4,4,3,2,4,3,49,3,2,1,3,1,2,1
1,4,15,2,6,1597,5,4,4,3,3,3,2,24,3,2,1,3,1,2,1
1,4,24,4,5,2710,5,5,2,2,1,4,3,72,3,1,1,4,1,2,2
1,4,12,2,3,3534,1,3,3,3,1,1,1,24,3,2,2,3,1,1,1
1,4,6,4,1,936,1,3,3,2,1,4,2,33,3,2,2,3,1,2,1
1,2,24,2,3,4365,1,2,1,3,1,1,3,29,1,2,2,1,1,2,1
1,4,30,3,9,2280,5,4,2,3,1,1,3,28,3,3,2,1,1,1,1
1,4,15,4,2,1343,4,5,4,3,1,4,1,60,3,2,2,3,1,2,1
1,1,24,1,3,2950,1,5,4,3,1,2,2,28,3,2,1,3,2,1,1
1,2,18,3,9,3673,5,5,4,4,1,4,3,57,3,2,1,3,1,2,1
0,4,36,4,2,7407,1,3,4,3,3,1,4,27,3,3,2,3,1,1,1
1,1,24,1,2,3077,5,4,4,4,1,4,3,54,3,2,2,2,1,1,1
1,4,6,4,3,1107,1,5,2,3,3,2,1,30,3,2,1,3,1,2,1
1,4,10,4,0,751,1,3,4,3,1,3,2,42,1,2,2,3,1,1,1
1,1,12,4,9,6288,4,3,3,3,1,3,3,53,3,2,2,4,1,2,1
1,1,24,4,9,2549,1,1,4,3,1,2,1,46,3,1,1,4,1,2,1
0,1,12,2,2,1553,1,4,3,3,2,1,1,56,3,2,1,3,1,2,1
0,1,10,2,2,1840,5,5,2,3,1,4,3,37,3,3,1,3,1,1,2
1,4,12,2,3,3398,1,5,2,3,1,4,2,39,3,2,2,3,1,1,1
1,2,15,4,0,1216,1,3,4,3,1,4,1,32,3,1,2,2,1,1,1
1,2,36,4,4,7473,1,1,2,2,2,1,2,30,3,2,2,4,1,1,1
1,1,6,1,0,1480,2,5,2,3,2,4,2,38,3,2,1,3,1,1,1
1,4,6,4,3,1319,1,2,1,2,1,1,1,25,3,1,2,3,1,1,1
1,4,6,4,6,1413,5,4,1,2,1,2,2,26,3,2,1,3,2,2,1
1,4,10,3,3,453,1,5,4,3,1,2,1,35,2,1,3,2,2,1,1
1,4,9,2,3,1436,1,3,2,2,1,2,3,30,3,2,2,3,1,1,1
1,1,24,3,3,1296,1,3,4,2,1,1,1,30,3,2,2,3,1,1,1
0,2,27,4,0,1544,1,3,2,3,1,2,1,33,3,1,2,3,1,1,1
1,3,6,2,3,795,1,5,4,2,1,4,1,55,3,2,1,2,1,2,1
1,1,27,2,1,1866,5,3,4,3,1,2,3,23,3,2,1,2,1,1,1
0,4,30,2,0,5348,1,2,2,2,1,1,4,28,3,2,1,3,2,1,1
0,3,24,4,3,2356,3,3,2,3,1,2,4,21,3,2,1,3,1,2,1
1,4,15,4,10,4112,5,3,2,3,1,4,3,22,3,2,2,3,1,1,1
1,4,24,4,5,3021,3,3,2,3,1,2,1,27,3,2,2,3,1,1,1
0,3,21,2,3,2867,1,4,4,3,1,2,3,34,3,2,1,3,1,1,1
0,1,21,1,3,2246,2,3,3,2,1,2,2,25,3,2,1,2,1,1,2
0,2,15,4,0,1565,5,5,4,2,1,4,3,61,1,3,1,3,1,2,1
1,1,24,4,3,6404,1,3,1,3,1,4,2,44,3,2,2,3,1,2,1
1,3,48,2,3,7257,1,3,2,2,1,2,3,22,1,2,1,3,1,2,1
1,2,6,2,0,953,1,3,1,2,1,3,1,28,1,2,1,3,1,1,2
1,1,15,2,7,2034,1,3,2,3,1,2,2,25,3,2,2,4,1,2,1
1,4,30,3,3,7823,1,3,3,4,3,1,4,37,1,3,2,3,2,2,1
1,1,30,2,9,1478,4,5,4,3,1,4,3,38,3,2,1,2,1,2,1
0,3,30,2,3,3185,3,2,2,2,2,4,1,40,3,1,1,2,1,1,1
0,1,36,4,5,1954,1,3,2,3,1,4,2,38,2,2,3,2,1,2,1
0,2,24,3,0,3535,1,3,4,3,1,4,4,38,3,2,1,3,1,2,1
0,2,24,2,10,9267,1,5,2,4,1,2,4,53,3,3,2,4,2,2,1
1,3,9,1,6,742,5,5,2,2,1,3,1,40,3,1,1,2,1,1,1
1,4,24,2,5,3246,3,5,4,2,1,4,3,25,1,1,1,4,1,2,1
1,2,24,1,0,1951,3,5,3,4,1,4,4,45,3,3,2,4,1,1,1
1,1,30,4,3,14468,2,2,1,1,1,1,1,22,3,2,1,3,1,1,1
1,4,18,4,3,1455,1,3,4,3,1,3,1,37,3,2,1,2,1,1,2
1,4,48,4,9,4682,4,3,2,2,1,2,3,34,3,2,2,3,2,1,1
1,4,18,4,0,12534,1,5,1,2,1,4,2,35,3,2,1,3,1,2,1
0,2,15,4,0,2277,1,3,2,2,1,4,4,36,3,2,2,3,1,2,1
1,4,24,2,0,1116,1,2,4,3,3,2,2,37,3,2,1,2,1,1,1
0,1,12,4,1,951,1,3,4,3,1,4,3,28,3,1,1,3,1,1,1
0,4,24,4,9,2923,1,5,4,2,1,2,3,52,3,3,2,3,1,1,1
1,1,12,2,2,5110,1,3,1,3,1,3,4,53,3,3,2,2,1,1,1
1,4,24,4,3,7139,1,2,1,4,1,2,2,28,3,1,2,3,1,2,1
1,4,10,2,3,1830,1,3,4,3,2,1,1,22,3,1,2,3,1,2,1
0,1,24,2,1,3076,1,5,4,3,1,4,3,47,3,2,1,3,1,1,2
1,1,15,2,0,2685,2,2,4,3,1,4,1,44,1,2,1,2,2,1,1
1,2,12,4,0,1351,1,3,4,3,1,2,1,31,3,2,2,3,1,2,1
0,3,24,2,8,6752,1,3,2,2,1,3,2,42,3,2,1,3,1,1,1
0,1,18,2,3,4161,1,3,4,3,1,4,3,32,3,1,2,3,1,2,1
0,1,36,2,0,3562,1,3,2,1,1,3,4,39,1,3,1,3,1,2,1
0,1,36,2,3,5406,1,3,1,2,1,4,2,28,2,2,2,3,1,2,1
0,2,60,2,3,8065,5,3,4,3,1,4,3,39,3,2,1,4,1,2,1
0,2,24,2,9,4632,5,3,1,3,1,4,3,32,1,2,2,1,1,1,1
1,1,10,4,2,961,2,2,4,2,1,3,2,28,3,2,1,3,2,1,1
0,1,46,0,3,9058,1,1,4,3,1,1,3,41,2,2,1,3,1,1,1
0,1,12,4,0,2397,1,4,1,2,1,3,2,31,3,3,2,3,1,1,1
1,4,24,2,3,3234,1,3,2,3,1,2,4,39,3,2,1,3,1,2,1
0,3,48,2,6,3974,1,3,4,2,1,3,3,25,3,1,1,4,1,2,1
1,4,15,4,3,1896,1,2,1,2,1,2,1,20,3,1,1,2,2,2,1
1,4,9,2,6,1055,2,5,4,3,1,4,1,63,3,2,2,3,1,2,1
1,1,18,2,1,2288,1,3,3,2,1,4,2,29,3,2,2,3,1,2,1
1,2,27,2,2,3985,1,1,1,4,3,4,2,26,3,2,1,3,1,1,1
1,4,36,4,3,5121,4,4,3,2,1,2,3,32,3,2,2,3,1,1,1
1,4,24,4,0,1234,5,5,2,3,1,3,1,61,3,2,2,3,1,1,1
1,2,15,2,1,3447,1,5,3,3,1,4,4,31,3,2,1,3,1,1,1
1,2,48,3,9,5160,1,1,3,2,1,2,2,27,3,1,1,2,1,2,1
1,2,12,4,3,652,1,4,4,2,1,2,1,57,3,2,2,2,1,1,1
1,1,12,2,2,3186,1,4,2,1,1,2,3,29,3,2,1,3,1,2,1
1,3,36,2,3,4259,3,4,4,3,1,4,1,42,1,2,1,3,1,2,1
1,4,12,2,1,7522,1,2,2,3,1,2,1,32,3,2,2,3,1,2,1
1,4,15,4,0,3104,1,5,2,3,1,4,4,55,3,3,2,3,1,2,1
0,2,36,2,3,1372,1,2,4,2,1,4,2,32,1,1,2,3,1,1,1
1,1,15,2,6,1168,1,4,2,3,1,2,3,23,3,2,1,2,1,1,1
1,3,18,2,0,2921,4,3,4,4,1,3,2,28,3,1,1,2,1,1,1
0,4,9,2,3,950,2,4,2,3,1,4,1,54,3,1,1,3,1,2,1
1,1,12,2,2,2363,3,5,3,3,1,4,3,27,3,2,1,4,1,2,2
1,4,36,2,9,3415,3,4,4,3,1,2,3,29,1,2,1,3,1,2,1
0,2,6,3,1,625,1,5,2,2,1,4,3,30,3,3,2,2,1,2,1
1,4,4,2,0,665,1,4,3,2,1,2,2,37,3,2,1,2,2,1,1
1,4,24,4,3,3988,5,5,3,3,1,4,3,25,3,2,1,3,1,2,1
0,1,12,2,1,2389,1,3,4,1,1,4,4,27,3,2,1,3,1,1,1
1,1,15,2,3,729,1,5,4,2,1,4,2,42,3,2,1,3,1,1,1
1,3,60,4,2,6837,1,4,2,3,1,2,3,34,3,2,1,3,1,2,1
1,2,12,3,3,2659,5,5,4,3,1,2,3,40,3,3,2,4,1,2,1
1,4,30,4,0,2882,1,1,4,3,1,3,1,24,3,1,1,3,1,2,1
0,4,8,1,9,417,5,4,4,3,1,2,1,22,3,1,1,3,1,1,1
1,2,18,2,2,3621,3,3,4,3,1,3,3,53,1,3,1,3,1,2,1
0,1,10,2,8,1236,3,5,4,3,1,4,2,28,3,2,1,4,1,2,1
1,4,12,3,0,783,5,5,4,3,1,3,1,27,3,1,2,2,1,1,1
1,2,12,4,9,1555,3,3,4,2,1,4,2,48,3,2,2,3,1,1,1
1,2,24,4,3,2968,1,3,1,4,1,4,1,24,3,2,2,3,1,1,1
0,1,15,4,0,2212,1,1,2,1,1,4,1,27,3,1,1,3,1,1,1
1,3,24,4,0,1575,1,4,4,3,1,2,1,57,3,2,1,3,1,2,1
1,4,27,4,3,3061,1,3,3,3,1,4,4,29,3,2,2,3,1,2,1
1,4,24,2,3,1343,1,4,4,3,1,4,2,38,3,2,1,3,1,1,1
1,2,18,4,9,5840,2,1,4,3,1,2,1,32,3,2,1,4,1,2,1
1,1,15,4,1,1471,1,4,3,3,1,2,1,30,3,2,1,3,1,1,1
1,1,12,4,9,2064,1,5,2,3,1,4,2,64,2,2,2,2,1,1,1
0,2,12,2,9,433,3,4,4,4,1,4,2,27,1,2,1,2,1,1,2
1,4,24,2,6,3657,1,3,2,3,1,4,1,38,3,2,2,3,1,2,1
1,4,12,4,0,1825,1,2,2,2,1,4,2,30,3,2,1,3,1,2,1
1,2,12,1,0,3970,5,2,1,1,1,2,3,35,3,2,1,3,1,1,1
1,2,18,1,2,2063,1,1,2,4,1,1,1,23,3,1,2,2,1,1,1
1,2,24,2,8,1923,1,5,3,2,1,4,2,29,1,2,1,3,1,2,1
0,4,24,2,1,1526,1,3,4,1,1,4,4,29,3,2,1,4,1,2,1
0,1,18,3,2,2797,1,2,2,4,1,3,3,23,3,2,1,2,1,1,2
1,4,18,4,9,2716,4,4,3,2,1,4,3,28,3,2,2,3,1,1,1
1,4,36,2,6,6331,1,1,1,3,1,1,1,28,3,2,1,4,1,2,1
1,3,30,4,2,5953,1,4,2,4,2,4,4,24,2,2,2,3,1,1,1
1,2,9,2,3,1102,1,3,3,3,1,4,1,57,3,2,1,3,1,1,1
1,4,12,4,9,2786,1,4,4,3,3,4,1,60,3,1,2,3,2,2,1
1,1,30,2,1,3230,1,5,4,3,1,4,4,52,3,3,1,2,1,1,1
1,1,12,4,3,3105,1,3,3,3,1,2,1,55,3,2,1,3,1,2,1
0,2,15,4,5,1097,1,3,3,3,1,2,1,43,3,2,2,2,1,2,2
0,1,24,2,2,1126,1,2,4,3,1,2,1,25,3,1,2,3,1,1,1
1,4,18,4,1,2906,1,3,4,3,3,2,1,49,3,2,3,4,1,2,1
1,2,15,4,0,2684,5,4,3,3,1,1,3,39,3,2,1,3,1,2,1
1,4,24,2,2,3766,3,3,4,2,1,4,3,30,3,2,1,3,1,2,1
1,1,9,2,6,2631,5,5,2,3,1,2,1,28,3,1,1,3,1,1,1
0,2,15,4,0,1574,2,3,4,3,1,2,1,23,3,2,1,3,1,1,1
0,1,12,3,0,1157,4,3,3,2,1,3,4,61,3,3,1,3,1,1,1
1,2,24,4,0,1193,5,2,4,2,3,2,3,25,3,2,2,3,1,1,1
0,2,9,3,0,754,5,1,4,3,1,1,2,20,3,2,1,3,1,1,1
1,4,9,2,2,1174,1,2,2,3,1,2,1,30,3,2,1,3,1,2,1
1,4,12,2,2,1636,1,5,4,3,2,4,3,26,2,3,1,3,1,1,1
1,2,15,0,0,5390,2,5,1,3,1,3,3,49,3,2,1,4,1,2,1
1,3,48,2,3,7474,3,5,2,2,1,4,2,52,1,2,1,3,2,2,1
1,4,15,4,0,6646,1,2,4,2,1,4,1,26,3,1,1,3,2,1,1
1,2,36,3,4,3562,3,5,3,2,1,4,4,48,3,3,1,4,1,2,1
1,1,36,2,3,3834,5,4,4,2,1,4,2,66,3,3,1,3,1,2,1
1,4,10,2,3,923,4,5,4,3,1,4,1,31,3,2,1,3,1,1,1
0,4,24,2,3,1881,1,2,4,3,2,1,3,30,3,2,1,3,1,2,1
1,4,30,4,2,9281,1,5,1,3,1,4,4,45,3,2,2,4,1,2,1
1,2,15,4,2,8048,1,5,2,2,1,4,3,60,3,2,2,3,1,2,1
1,3,12,2,6,1542,1,4,4,3,1,4,3,36,3,2,1,3,2,2,1
0,1,9,3,0,2549,1,4,1,3,1,4,3,39,3,2,1,3,1,1,1
0,2,12,4,3,1796,1,3,2,3,1,4,3,60,3,2,1,3,1,2,1
1,2,24,4,9,6146,2,5,4,2,1,4,4,32,3,3,1,3,1,2,1
0,1,12,4,1,1231,1,4,1,2,2,4,1,22,3,2,2,1,2,1,1
1,4,24,4,1,1223,5,3,4,3,1,2,3,57,3,3,3,3,2,2,1
1,2,9,4,1,520,5,2,3,2,1,4,1,29,3,1,2,2,1,1,1
1,4,48,2,0,10279,2,5,4,3,1,4,4,74,3,3,1,4,2,1,1
1,2,18,4,2,3617,1,4,4,3,3,4,4,33,3,2,2,3,1,1,1
0,4,15,4,3,3972,1,5,4,3,1,2,3,47,3,2,3,3,1,2,1
0,1,12,0,9,603,1,4,4,3,1,4,2,24,3,2,2,3,1,1,1
1,3,24,2,3,4454,1,1,4,1,1,3,1,24,2,2,1,4,1,2,1
1,2,10,2,3,7655,1,5,4,3,1,4,4,37,3,3,1,3,1,2,1
1,4,12,4,2,1658,1,3,2,2,1,4,2,46,3,2,3,2,2,1,1
1,4,18,3,0,1494,1,3,2,2,2,2,2,41,3,2,1,2,1,1,1
1,1,36,4,0,6534,1,2,3,4,1,2,1,39,3,3,2,4,1,2,1
0,1,12,2,0,3609,1,2,2,3,1,4,2,49,3,1,1,3,1,1,1
0,1,24,2,8,2338,5,4,4,3,1,3,2,40,3,2,1,3,1,2,1
1,1,6,4,1,700,1,5,3,3,3,2,2,49,3,2,2,2,1,1,1
1,4,18,3,2,4527,2,4,2,3,1,4,2,43,3,2,2,3,2,2,1
1,3,4,4,0,386,1,2,4,3,1,4,1,26,3,2,2,3,1,2,2
1,4,24,2,3,1502,5,5,4,3,1,3,1,66,3,1,2,4,1,2,1
1,4,8,4,0,1223,1,5,4,3,1,4,1,27,3,2,1,2,1,1,1
0,4,15,4,0,3650,1,3,4,3,1,4,2,27,3,2,1,4,1,1,1
0,2,18,2,9,1867,2,2,2,2,1,4,3,41,3,2,1,3,1,2,1
0,4,48,2,0,7170,1,5,3,3,1,4,3,36,3,2,1,3,1,2,1
0,1,48,1,3,2242,1,3,3,3,1,2,4,23,1,3,1,3,1,1,1
0,2,21,2,2,749,1,4,3,1,1,3,3,20,1,1,1,3,1,1,1
0,2,18,2,6,6416,1,2,2,2,1,4,3,23,3,2,1,3,2,1,1
0,3,24,2,2,6761,1,2,3,2,1,4,3,30,3,2,1,3,1,1,2
1,1,10,2,3,1354,1,2,1,4,1,1,3,22,3,2,1,3,1,1,1
0,4,36,2,5,5742,1,3,4,2,1,4,3,62,3,2,1,2,1,2,1
0,1,9,2,1,1950,1,3,3,2,1,4,3,30,3,2,1,3,1,2,1
1,3,39,4,2,9632,3,5,4,3,1,4,3,66,3,2,3,3,2,1,1
1,3,15,2,1,1216,5,5,4,3,1,4,2,41,1,2,1,3,1,1,1
1,4,48,2,0,6344,4,4,4,3,1,4,3,33,1,2,1,4,1,2,1
0,1,24,2,0,3095,5,5,2,3,1,4,3,36,3,2,1,2,2,1,1
1,4,24,4,2,11568,1,3,1,2,1,4,4,56,1,2,2,3,2,1,1
1,4,12,2,2,2107,1,5,2,3,2,4,1,27,3,1,1,2,1,1,1
0,4,36,1,6,4110,5,4,4,3,1,4,3,26,3,2,1,2,1,2,1
0,1,24,2,0,2439,5,3,3,4,1,1,1,36,3,1,2,3,1,1,1
1,1,21,2,3,1104,1,5,4,3,2,4,4,44,1,3,1,3,1,2,1
1,4,12,2,2,3021,2,4,4,3,2,3,2,43,3,2,2,2,2,1,1
1,4,36,2,2,7272,1,3,4,2,1,2,3,27,3,2,2,3,1,2,1
1,1,48,3,3,11565,1,2,3,4,1,4,2,43,3,3,1,3,1,2,1
1,2,12,2,0,1289,1,5,4,3,1,1,3,43,3,2,1,3,1,1,1
1,4,48,4,3,5802,2,3,3,1,3,4,3,24,3,1,3,3,1,2,1
1,1,48,2,1,3415,1,2,4,3,2,4,2,26,3,2,1,3,1,1,1
1,1,9,2,3,1953,1,4,2,3,1,3,1,40,2,2,1,4,1,2,1
1,4,24,4,3,1517,1,3,4,3,1,3,2,46,3,2,2,3,1,2,1
1,4,15,3,9,1911,2,3,4,3,1,4,3,58,1,2,1,2,1,1,1
1,2,45,4,10,4662,1,1,3,3,1,1,4,25,3,1,3,3,1,2,1
1,4,24,2,3,11904,1,5,1,3,1,4,2,24,3,1,1,2,1,1,1
0,1,24,4,2,3078,1,5,3,2,1,3,1,31,3,1,1,3,1,1,2
1,4,9,2,3,1536,1,3,1,3,1,4,4,31,3,2,1,4,1,1,1
0,1,12,3,0,1786,1,3,3,2,1,1,2,24,3,2,1,3,1,1,1
0,1,24,2,3,2389,2,5,3,3,1,4,3,26,3,2,2,3,1,1,1
1,4,24,2,0,2196,1,3,2,3,1,3,3,49,3,2,2,3,2,1,1
1,4,24,3,3,1922,1,4,4,3,1,4,2,46,3,2,1,3,1,2,1
1,4,12,4,9,6468,5,5,2,2,1,4,4,38,3,2,1,2,1,1,1
0,4,24,3,0,7926,1,3,1,2,1,1,3,22,3,2,2,3,2,2,1
1,1,24,4,0,1924,1,4,4,4,1,4,2,34,3,2,3,3,2,1,1
1,1,30,3,3,9571,4,2,2,2,1,2,4,35,3,2,2,3,1,2,1
1,2,6,2,3,469,1,1,2,3,1,2,2,20,3,2,1,2,1,1,1
1,2,12,4,1,918,1,4,4,3,1,3,1,38,3,1,1,2,1,2,1
0,3,9,2,3,2289,1,3,1,3,1,2,1,46,3,2,1,3,2,1,1
1,4,12,4,0,3607,1,5,2,3,1,4,3,26,3,3,1,3,1,2,1
1,4,36,2,9,15393,4,3,1,1,1,4,3,34,3,2,1,4,1,1,1
1,1,12,3,2,1797,2,2,2,2,1,2,3,43,2,2,2,2,1,1,1
0,2,24,3,3,3246,1,4,2,3,1,2,4,46,3,2,1,4,2,1,1
1,4,6,2,0,566,2,5,4,3,1,4,3,51,3,2,1,2,1,2,1
1,1,12,4,0,1274,1,1,3,2,3,1,1,32,3,2,1,2,1,1,1
1,4,4,2,1,753,1,1,2,4,1,2,2,34,1,2,1,3,1,2,1
1,4,12,2,0,2432,1,4,2,3,1,4,2,48,3,2,1,2,2,1,1
1,2,18,2,2,1382,4,3,4,4,2,4,4,25,3,2,1,3,1,2,1
1,1,36,2,3,3423,4,2,4,3,1,3,1,29,3,2,1,3,1,2,1
1,2,20,4,3,2830,5,5,4,3,1,2,3,36,3,2,1,3,1,2,1
1,2,24,4,3,4158,1,5,4,3,1,1,3,32,3,2,2,3,1,1,1
1,2,12,2,9,1217,1,1,1,4,1,2,1,24,3,2,2,2,2,1,1
0,1,36,2,3,5979,5,4,2,2,1,3,2,32,3,3,1,2,1,1,1
1,2,18,0,1,1384,2,4,4,3,3,2,3,28,1,2,1,3,1,1,1
1,4,27,4,0,11194,5,5,4,3,1,4,1,41,3,2,2,4,2,2,1
0,2,18,1,2,3057,1,1,2,3,3,1,2,26,1,2,2,2,1,1,1
1,4,36,3,3,7039,5,3,3,4,1,1,2,36,3,2,1,4,1,2,1
1,4,18,2,3,2917,1,5,2,2,1,2,1,61,3,2,1,3,2,2,1
1,1,18,4,1,2116,5,4,2,3,3,1,3,33,3,2,1,3,2,1,1
1,2,18,4,1,1393,1,2,4,4,1,1,3,40,3,3,1,3,1,1,1
1,4,12,2,2,966,3,3,3,3,1,3,1,52,3,2,1,3,1,1,1
1,1,6,4,1,931,1,2,2,2,1,4,2,52,3,2,1,2,1,1,1
1,4,12,0,10,1542,1,3,2,2,1,2,2,38,3,2,1,4,1,2,1
0,2,15,2,0,2778,5,5,3,3,1,4,2,45,3,1,1,3,1,2,1
1,4,6,3,3,1414,1,3,2,2,1,3,3,36,3,2,2,3,1,2,1
0,1,18,4,3,769,2,3,2,3,1,4,2,44,3,1,1,2,1,1,1
1,2,36,4,0,3575,1,3,2,3,1,3,3,28,3,2,3,4,1,1,1
1,4,12,4,9,5776,5,4,2,2,1,4,3,55,3,2,2,4,2,2,1
1,4,30,0,5,2278,5,3,4,2,2,1,3,32,3,2,1,3,1,1,1
0,4,9,4,9,1018,1,5,4,3,1,2,1,55,3,2,2,3,1,2,1
1,2,24,3,1,4142,1,3,4,3,1,2,3,31,3,2,1,3,1,1,1
1,1,15,2,1,2569,1,3,2,2,1,1,3,50,1,2,1,3,1,2,1
1,4,12,1,3,10129,1,5,1,3,1,4,1,24,3,2,1,3,1,1,1
0,4,12,2,1,1221,2,3,4,3,1,2,3,40,3,2,1,4,1,2,1
1,4,30,4,0,7048,1,5,4,3,1,4,3,47,3,2,2,4,1,2,1
0,4,12,2,0,3830,1,3,4,3,1,2,2,32,3,2,1,3,1,1,1
1,3,24,4,1,1981,3,3,4,3,1,2,4,36,3,3,2,3,1,2,1
0,2,18,2,0,2187,1,5,4,3,1,4,3,25,3,2,1,2,1,1,1
1,3,18,3,0,2276,1,4,4,2,3,4,4,39,1,2,1,3,1,1,1
1,2,18,3,2,3344,1,4,2,2,1,2,1,35,2,1,1,4,1,2,1
1,4,24,2,3,1413,5,4,4,2,1,4,3,20,3,2,1,2,1,1,1
1,4,24,2,0,3238,3,4,1,4,1,2,4,49,3,3,1,4,1,2,1
1,1,21,2,0,5698,1,4,3,3,1,4,2,48,2,2,1,3,1,2,1
1,4,6,0,2,380,5,5,4,3,1,4,1,23,3,1,1,2,1,2,1
0,4,42,2,2,11932,1,3,2,1,1,4,4,22,3,2,1,3,1,2,1
1,4,18,2,1,1382,1,5,4,2,2,2,1,64,3,2,1,3,1,1,1
1,4,24,4,2,6221,4,5,2,2,1,4,1,29,3,2,2,3,1,2,1
1,4,12,2,0,3970,5,4,2,2,1,4,4,45,3,2,1,4,2,2,1
1,4,15,2,3,1591,3,4,3,3,1,4,2,24,3,1,1,3,1,1,1
1,1,21,3,1,4733,1,5,4,3,3,2,1,27,1,2,2,3,1,2,1
1,2,7,2,0,1683,1,3,4,1,1,4,2,54,3,2,1,3,1,1,1
1,4,12,4,2,753,2,5,4,2,1,4,1,38,3,1,2,3,1,2,1
1,4,18,3,2,2222,1,4,3,2,1,2,3,61,3,2,1,4,1,2,1
1,2,12,4,2,1952,1,5,4,2,1,4,2,50,3,2,2,3,1,2,1
1,4,24,4,0,9371,1,3,2,2,1,4,2,29,3,2,2,4,1,1,1
1,4,24,4,3,1223,1,3,3,2,1,2,3,50,3,2,1,4,1,1,1
1,2,12,2,3,1071,1,3,4,3,1,2,4,29,3,2,1,3,1,1,1
1,2,42,4,3,4528,1,3,1,3,1,2,3,31,3,2,2,3,1,2,1
0,2,15,2,2,2400,1,2,2,3,1,2,3,24,3,2,1,3,2,1,1
1,4,24,4,0,4791,5,3,4,4,1,1,3,23,3,2,1,3,1,2,1
1,4,9,3,3,756,4,3,4,2,1,4,1,30,3,2,1,3,1,2,1
1,2,24,1,3,1836,1,4,3,3,1,4,2,27,3,2,2,2,1,1,1
1,1,12,2,3,1207,4,3,4,3,1,4,2,47,3,2,1,2,1,1,1
0,4,21,2,3,5041,1,5,2,2,1,4,1,31,1,2,2,3,1,1,1
0,1,24,4,3,4454,3,3,4,3,2,3,4,35,3,2,2,3,1,1,1
1,2,20,4,2,3110,1,3,1,2,1,4,1,46,3,1,2,3,1,2,1
1,2,4,3,2,635,1,3,1,3,1,2,2,46,3,3,2,3,2,1,1
1,4,31,2,0,11528,1,5,4,2,1,4,4,34,3,2,2,3,2,1,1
1,4,11,2,0,1352,5,4,2,2,1,4,1,39,3,1,1,1,1,1,1
1,2,48,4,3,10551,5,5,4,2,1,4,4,39,3,2,1,3,1,2,1
1,4,9,2,0,1085,1,4,4,4,1,1,1,27,3,2,1,3,1,2,1
1,4,36,4,3,5379,1,2,4,2,1,2,3,28,3,3,2,3,1,1,1
0,3,20,2,2,1602,1,2,2,2,1,1,3,19,3,2,1,4,1,1,1
1,4,48,2,2,2137,1,3,4,3,1,4,1,26,3,2,1,1,1,1,1
1,4,24,4,1,2341,1,5,4,3,1,4,1,43,3,1,1,3,1,2,1
1,4,24,2,3,2991,1,5,4,3,1,4,2,36,3,1,1,3,1,2,1
1,2,36,2,4,2863,4,3,3,4,1,3,3,20,3,2,1,2,1,1,1
1,4,6,2,5,998,2,2,4,3,1,3,1,25,1,2,1,2,1,1,1
1,2,6,4,0,338,2,4,4,2,1,2,2,31,3,1,2,3,2,1,1
0,2,21,2,1,932,1,2,4,3,1,2,1,27,2,2,1,2,2,1,1
1,1,9,2,5,722,1,2,3,3,1,3,3,36,3,2,1,4,1,1,1
1,2,6,1,3,1719,2,3,1,3,1,4,1,38,3,1,1,3,1,1,1
0,4,18,4,3,1194,1,5,4,4,1,2,3,25,3,2,1,3,1,1,1
1,2,15,4,3,1810,1,5,4,4,1,3,3,63,2,2,2,4,1,1,1
1,2,20,2,3,2868,1,4,4,3,1,4,3,36,3,1,1,4,1,2,1
1,4,11,2,1,1211,1,5,2,3,1,1,2,31,3,2,1,1,1,1,1
0,2,48,2,2,7436,1,3,2,3,1,3,2,25,3,2,1,3,1,1,1
1,4,15,2,0,3385,1,5,4,2,1,4,2,52,3,2,2,4,2,2,1
0,1,30,2,2,2629,1,3,3,2,1,4,1,66,1,2,2,3,2,2,1
0,1,18,2,0,1232,1,3,2,3,3,4,1,24,3,1,1,2,1,1,1
1,2,6,2,3,667,1,3,4,2,1,2,2,30,3,2,1,3,1,1,1
1,3,12,4,0,3751,2,3,1,3,1,2,3,52,3,2,3,3,1,1,2
1,1,5,3,2,288,1,2,4,3,1,2,1,24,3,1,1,2,1,1,1
1,4,12,4,1,7231,2,5,1,3,1,2,1,23,3,1,2,4,2,2,1
1,4,12,2,3,1053,5,3,4,2,1,3,3,38,1,2,1,3,1,1,1
1,4,36,2,3,2578,2,4,2,2,3,3,2,27,2,2,1,3,1,1,1
0,3,11,2,2,707,1,5,1,2,1,4,3,26,3,2,1,3,1,1,1
1,4,36,2,3,759,2,4,4,3,1,4,3,60,3,3,1,4,1,2,1
0,1,21,0,9,10960,1,4,2,2,2,2,1,43,1,2,1,3,1,2,1
0,1,24,4,0,3653,5,4,2,3,1,4,3,36,3,2,2,3,1,1,1
0,2,11,2,9,1343,2,4,4,2,1,4,3,63,3,2,1,4,1,2,2
1,1,6,2,3,1107,1,3,4,3,1,3,3,30,1,1,2,3,1,1,1
1,2,27,1,4,2682,1,4,4,3,1,2,3,26,3,2,1,3,1,2,1
1,4,15,2,6,1753,1,3,3,3,1,2,2,44,3,2,1,2,1,2,1
0,2,12,2,0,1601,1,3,4,3,1,4,3,46,3,2,1,3,1,1,1
1,1,9,2,3,1571,1,3,4,2,1,4,2,50,3,3,1,3,1,2,1
1,4,36,3,6,4154,1,4,2,3,1,2,3,35,3,2,2,3,1,2,1
1,2,24,4,2,1746,1,5,2,2,1,4,1,35,3,1,1,3,1,1,1
1,1,6,2,9,1258,1,2,2,2,1,4,1,35,3,2,2,2,1,1,1
1,3,12,2,2,1297,1,5,3,3,1,4,3,44,3,3,1,3,1,1,1
0,2,24,2,0,2267,1,5,4,2,1,4,3,24,3,2,1,3,2,1,1
1,4,15,2,9,1941,5,5,3,3,1,2,1,38,3,2,2,3,1,1,1
0,3,6,4,2,975,1,3,4,3,1,3,2,49,3,2,2,1,1,1,1
0,1,45,2,0,6313,1,3,4,2,1,4,4,47,1,2,2,3,1,1,2
1,4,30,2,0,3918,1,2,3,3,1,2,4,36,3,3,2,2,1,1,1
0,1,9,2,3,1545,2,3,2,3,1,2,2,35,1,2,2,2,1,1,1
1,1,24,4,1,4843,1,4,4,2,1,4,4,31,3,2,2,3,1,1,1
1,4,9,2,3,1360,1,5,3,3,1,2,2,22,1,2,2,3,1,2,2
1,4,15,4,0,6759,1,5,2,2,1,4,3,52,3,2,1,3,1,2,1
1,4,12,2,0,1216,4,4,3,2,1,4,4,31,3,2,1,2,1,1,1
0,3,12,2,0,1832,1,2,2,3,1,2,3,35,3,2,1,3,2,1,1
0,4,18,4,9,1371,1,5,4,3,1,2,4,23,3,2,1,3,1,1,1
0,2,24,2,2,7490,1,5,2,3,1,4,3,43,3,3,1,3,1,1,1
1,3,24,3,2,6970,2,3,1,2,1,3,1,36,3,2,1,3,2,2,1
0,4,10,1,4,454,1,5,4,2,1,4,1,38,3,2,1,3,1,1,1
1,3,45,2,6,7966,1,3,4,2,1,4,4,34,3,2,1,4,1,1,1
1,4,36,1,9,3949,1,5,1,4,1,4,4,35,3,2,1,3,1,2,1
1,2,18,4,1,13088,5,5,1,3,1,2,2,36,3,2,2,4,1,2,1
1,1,12,1,3,1305,1,3,4,4,1,4,4,23,3,2,1,3,1,1,1
1,4,24,2,0,5240,3,4,2,2,1,3,2,34,3,1,1,3,1,2,1
1,2,18,2,1,3597,1,5,4,2,1,4,3,47,3,2,3,3,2,2,1
1,2,18,2,3,1747,1,3,2,3,1,2,4,38,2,3,1,3,1,1,1
0,2,36,4,2,8905,1,3,3,3,1,4,4,32,3,3,1,3,1,2,1
1,3,24,2,0,4899,4,4,4,3,2,3,2,38,3,2,1,3,2,2,1
1,4,9,4,0,521,5,5,4,2,1,4,3,35,3,2,1,3,1,2,1
1,2,32,2,0,11602,5,3,1,3,3,4,3,23,1,1,1,2,1,1,1
1,4,60,3,9,4843,2,3,4,3,1,2,2,47,3,2,2,2,1,1,1
1,2,15,4,3,1409,5,5,4,3,1,2,2,47,3,2,2,3,1,2,1
1,2,12,3,9,1364,1,2,2,3,1,2,1,25,3,1,1,2,2,2,1
0,1,48,4,3,8076,5,5,2,2,1,3,4,64,1,3,3,3,1,2,1
0,1,36,2,3,2799,1,3,3,3,1,2,1,25,3,1,1,2,1,1,1
0,2,60,1,2,2832,2,5,3,3,1,4,3,50,3,3,1,3,1,1,1
1,1,24,2,2,5800,1,2,2,2,2,3,3,44,3,2,1,4,1,2,1
1,4,6,2,0,1882,1,4,2,4,1,1,1,44,3,1,1,3,1,1,1
1,2,18,2,6,2275,5,3,3,4,1,1,3,28,3,1,1,2,2,1,1
0,2,18,2,3,3618,1,2,1,3,1,2,1,29,3,1,2,3,1,2,1
1,1,15,2,9,4191,1,1,1,3,1,2,2,25,1,1,1,3,1,1,1
1,4,6,4,9,596,2,3,4,3,1,4,2,28,3,2,1,3,1,1,1
0,2,10,2,1,3644,2,5,4,2,1,4,2,25,3,2,2,3,2,2,1
1,4,27,4,5,4603,1,3,1,2,1,2,2,40,3,2,2,3,1,2,1
1,2,15,1,0,3784,4,1,2,3,1,4,3,27,3,2,1,2,2,1,1
1,2,6,4,9,1545,1,3,3,4,2,3,1,54,3,2,2,3,1,2,1
1,2,6,2,0,687,1,3,2,2,1,3,2,35,3,2,1,3,1,1,1
0,2,48,4,6,8967,1,1,3,3,1,1,3,26,3,2,2,3,1,1,1
1,2,24,2,8,1237,1,3,4,3,1,3,1,26,3,2,2,3,1,2,1
0,1,10,4,3,1592,1,3,3,3,1,3,1,29,3,2,3,3,1,1,1
1,4,6,3,9,1282,2,5,3,3,2,4,1,46,3,1,1,3,1,2,1
1,2,24,2,9,1310,2,3,4,4,1,4,2,25,3,2,1,3,1,1,1
1,1,24,2,9,1410,4,3,4,2,1,2,1,23,1,2,1,2,1,1,1
1,1,12,2,0,2506,2,2,3,3,1,2,4,21,3,2,2,3,1,1,1
1,2,12,2,3,1103,1,3,3,1,1,4,3,43,3,2,1,3,1,1,1
1,1,12,3,2,1315,2,5,1,3,3,4,2,26,3,2,2,2,1,1,1
1,4,36,4,4,10270,3,3,1,3,1,2,3,39,3,2,3,3,2,2,1
0,4,48,4,2,12688,1,2,3,3,3,4,1,28,3,2,1,4,1,2,1
1,2,36,4,2,4813,1,5,2,1,2,4,2,35,3,2,1,3,1,2,1
1,2,24,4,6,3996,5,5,4,2,1,4,3,25,3,2,3,3,2,2,1
1,3,18,2,5,1326,5,2,4,3,1,2,1,30,3,2,1,3,1,2,1
0,1,6,4,0,365,1,3,3,3,1,2,1,35,3,2,1,2,1,1,2
1,4,24,2,3,2333,5,3,4,2,1,4,4,33,1,2,1,2,1,1,1
1,2,15,4,10,2076,1,3,4,3,1,4,2,41,3,3,3,3,1,2,1
1,2,24,1,0,2073,4,5,3,4,3,4,2,44,1,1,1,4,1,2,1
1,3,15,2,2,7420,5,5,1,3,1,4,3,45,3,2,1,3,1,1,1
0,1,24,0,5,4592,1,2,1,2,1,3,3,22,1,2,1,3,1,1,1
1,1,12,2,3,2992,5,3,1,2,1,4,3,31,3,2,1,3,1,2,1
1,4,6,2,2,998,5,5,3,3,1,2,2,22,2,1,2,2,1,1,1
1,4,12,4,3,1934,1,3,2,3,1,1,2,35,3,2,1,3,2,1,1
1,2,7,4,1,1107,1,4,3,3,1,2,1,42,3,2,1,3,2,2,1
1,2,9,1,2,719,5,4,3,2,1,4,3,28,3,2,2,3,2,1,1
1,4,9,2,9,1260,3,3,1,4,1,4,3,23,3,2,2,3,1,2,1
1,4,24,0,3,2411,5,3,3,3,1,4,2,27,3,1,1,3,1,1,1
0,2,21,2,2,1240,5,5,4,1,3,3,2,38,3,1,2,3,1,1,1
1,4,24,2,9,2569,1,3,4,3,1,1,3,26,3,2,2,3,1,2,1
0,1,6,2,0,917,1,3,1,4,1,4,1,32,3,2,2,2,1,1,1
1,2,36,2,6,6074,2,4,1,3,1,4,4,44,3,2,1,3,1,2,1
1,2,18,4,2,1355,1,3,4,3,1,2,3,68,3,2,2,3,1,1,1
0,1,24,0,2,1493,1,1,2,2,1,2,2,26,3,2,1,3,1,1,1
1,4,12,4,3,1242,1,4,3,3,1,2,1,47,3,2,1,2,1,1,1
1,1,30,4,0,3909,4,3,2,1,1,2,2,44,1,2,2,3,1,1,1
1,4,10,3,3,1946,3,1,3,2,1,2,2,44,3,2,1,3,1,1,1
1,2,12,4,3,2211,2,3,2,4,1,1,1,38,1,1,2,3,1,2,1
1,2,30,2,3,12038,4,5,1,3,1,4,4,49,3,3,1,3,1,1,1
1,4,18,4,2,3884,1,5,2,3,1,4,3,33,3,2,1,3,1,2,1
0,1,60,0,3,14080,1,3,4,2,1,4,4,28,3,2,2,3,1,1,1
0,1,18,2,1,1736,2,5,4,3,1,4,1,29,3,2,2,3,1,1,1
1,2,12,2,0,3447,5,3,2,2,1,1,3,36,3,2,1,3,1,2,1
0,2,48,2,3,1845,5,4,4,2,1,4,4,37,3,2,2,3,1,1,1
1,1,12,4,3,3498,5,3,2,4,1,2,2,28,3,1,1,3,1,2,1
1,4,6,2,0,2784,1,4,3,3,1,4,3,21,3,2,2,3,1,2,1
1,4,36,2,1,5148,5,5,3,2,1,1,3,24,3,1,1,3,1,1,1
1,1,24,1,3,2760,1,5,4,3,2,4,1,30,3,1,1,2,1,1,1
0,2,12,3,0,3611,1,1,4,2,1,1,3,34,3,2,2,4,1,1,1
0,1,30,2,3,1206,1,4,4,2,1,4,4,49,1,2,1,3,1,2,1
1,2,36,2,2,2116,4,5,4,3,1,4,3,23,3,1,2,4,1,2,1
1,3,36,2,6,5877,5,4,4,3,1,2,3,27,3,2,1,3,1,2,1
1,4,36,4,0,4373,1,5,1,3,1,3,1,30,3,1,2,3,2,2,1
0,4,24,2,9,4678,3,4,4,3,1,4,3,46,3,3,1,4,1,2,1
1,4,24,4,3,893,5,3,4,2,1,2,2,60,1,3,2,3,1,2,1
1,2,18,0,9,2219,1,2,1,2,3,4,3,35,3,2,1,2,1,1,1
1,1,48,2,3,9808,1,3,4,3,1,2,1,22,3,1,1,3,1,2,1
1,2,6,3,2,758,1,3,2,3,1,4,2,28,3,2,2,2,1,1,1
0,1,12,4,1,1411,1,3,3,2,1,4,4,40,3,3,1,3,1,1,1
1,4,12,2,0,2038,1,3,4,3,1,1,3,35,3,3,1,3,1,1,1
0,2,36,2,2,3184,1,5,3,3,1,1,3,62,1,3,2,3,1,2,1
1,4,12,4,3,9232,1,3,1,3,1,2,1,50,3,2,2,3,1,1,1
0,2,24,2,0,3349,1,2,4,3,1,3,2,31,3,1,2,3,1,1,1
1,4,6,4,2,3938,3,4,1,2,1,3,3,57,3,3,1,3,1,2,1
0,1,36,1,6,2815,1,2,3,1,1,4,3,31,1,2,2,3,1,1,1
1,1,36,2,3,1870,1,3,4,3,1,3,4,28,3,2,1,3,1,1,1
1,4,12,0,2,1448,5,3,2,4,1,1,1,33,1,1,1,1,1,2,1
1,1,6,2,2,1043,1,4,2,3,1,2,3,27,3,2,1,1,1,1,1
1,1,12,2,2,2222,1,5,1,3,2,3,1,36,1,2,1,3,2,1,1
1,4,30,4,3,3511,1,3,3,3,1,1,1,45,3,1,2,2,1,2,1
1,4,6,2,6,1001,5,5,4,3,3,3,2,60,3,3,1,3,1,2,1
0,1,24,1,3,1280,1,3,4,3,1,3,4,36,2,2,1,2,1,1,1
0,1,36,2,0,7815,1,1,2,2,1,1,3,23,3,2,1,3,1,2,1
0,4,12,4,0,878,1,3,4,3,1,2,2,27,3,2,1,2,1,1,1
0,4,60,2,0,12423,2,5,4,2,1,3,2,41,3,2,2,3,2,1,1
1,4,8,3,1,1301,1,5,2,2,1,4,2,52,3,2,1,3,2,1,1
1,4,12,2,1,1216,1,3,4,3,1,4,2,35,3,2,1,3,1,1,1
1,1,48,4,8,4741,1,5,2,3,1,4,3,29,3,2,2,2,1,1,1
1,4,18,4,0,2142,1,5,4,3,1,4,3,50,3,2,2,4,1,2,1
0,2,6,2,0,2861,3,2,3,3,1,2,3,27,3,2,1,3,1,2,2
1,1,36,2,3,3534,4,3,3,3,1,2,4,23,3,3,1,2,1,1,1
1,4,15,4,10,4014,5,3,4,3,1,2,2,64,3,2,2,2,2,1,1
0,4,12,2,3,1214,5,5,4,2,1,4,3,35,3,2,2,3,1,1,1
1,4,15,2,0,2775,5,2,2,4,1,2,2,47,3,3,2,3,2,1,1
0,1,24,2,0,2961,1,2,3,3,1,1,3,37,3,2,1,3,1,1,1
1,4,8,3,2,428,1,4,4,4,1,2,2,37,3,2,1,3,1,1,1
1,4,9,4,2,1560,5,5,4,3,1,2,2,47,3,2,1,3,1,1,1
0,1,60,4,0,3886,1,5,4,3,1,2,4,33,1,2,2,3,1,2,1
0,1,39,2,3,2672,1,3,3,2,3,2,4,31,3,2,1,2,1,1,1
1,4,24,4,0,4168,3,3,4,2,1,4,3,41,3,1,2,3,1,2,1
1,4,27,2,9,2754,1,3,2,3,1,4,3,26,3,2,2,4,1,2,1
1,2,48,4,3,12662,1,3,4,3,1,4,4,31,3,2,1,3,1,1,1
1,2,24,2,6,7392,1,5,1,2,1,4,2,67,3,2,1,4,1,1,1
1,1,15,1,2,1295,1,2,4,2,1,2,1,33,3,2,2,3,1,1,1
0,1,24,2,2,5758,1,3,3,4,1,4,1,65,3,2,1,3,1,2,1
1,1,12,2,0,1245,1,3,4,2,3,2,3,35,3,3,1,4,1,2,1
1,4,48,2,6,4919,1,4,4,2,3,2,1,29,3,2,2,3,1,2,1
1,1,18,2,3,1473,1,3,2,3,1,1,3,37,2,2,1,2,1,1,1
0,1,12,0,2,801,1,4,4,3,1,2,2,26,3,2,1,2,1,1,1
1,1,24,2,9,1542,5,5,4,4,1,2,2,38,3,2,1,2,1,1,1
1,2,18,2,3,1344,1,4,4,3,1,1,1,47,3,2,1,2,1,1,1
1,4,24,2,3,1568,2,1,4,3,1,1,1,28,3,2,1,3,1,2,1
0,1,6,2,6,2097,1,4,2,2,1,3,3,48,3,2,1,4,1,2,1
1,1,6,2,0,1221,2,4,2,2,1,4,3,59,3,2,1,3,2,2,1
1,2,9,3,0,1588,3,3,4,2,1,4,4,46,3,2,3,3,1,2,1
1,4,24,4,0,1844,1,4,4,4,1,4,4,34,3,3,2,3,1,2,1
1,4,10,2,0,1486,1,2,4,3,1,2,3,25,3,2,1,3,2,1,1
0,1,42,1,0,2170,5,3,4,4,2,4,3,41,3,2,1,2,2,2,1
1,1,18,2,0,1819,1,2,3,2,1,2,2,30,3,1,1,3,1,2,1
1,2,24,2,3,6359,1,3,4,3,1,2,4,30,2,2,1,3,1,2,1
0,1,54,2,3,3659,1,3,4,4,3,4,4,37,1,2,1,2,1,1,1
1,4,9,2,0,933,1,2,4,3,1,3,1,38,3,1,1,3,1,1,1
1,4,15,3,0,1874,2,5,3,3,1,3,3,47,3,2,2,3,2,1,1
1,4,12,4,3,1192,1,2,4,2,1,4,2,26,3,2,1,2,1,2,1
1,4,9,2,3,911,1,1,4,3,3,2,1,26,1,2,2,2,1,2,1
1,1,48,2,0,6146,3,5,4,3,1,2,1,61,3,2,2,4,1,2,1
1,4,24,4,8,1652,4,4,4,2,1,4,3,36,3,2,1,3,1,1,1
0,2,15,4,0,4257,1,5,2,2,1,4,4,60,3,2,2,3,1,1,1
0,2,7,2,1,688,1,1,4,3,1,1,1,26,1,2,1,3,1,1,1
1,4,9,4,0,943,3,5,4,3,1,4,3,59,3,3,2,3,2,1,1
1,4,30,2,9,865,1,3,4,2,3,2,2,28,3,2,1,2,1,1,1
1,4,18,4,3,2301,3,2,2,3,1,3,1,35,3,1,2,2,1,2,1
1,4,9,2,0,2524,5,3,2,4,1,4,2,51,3,2,2,3,1,1,1
1,2,24,4,2,1155,1,4,4,3,1,3,3,37,3,2,1,3,1,1,1
1,2,10,2,0,804,5,4,2,3,1,4,4,34,3,2,1,3,1,1,1
1,1,24,3,9,3190,4,1,2,2,1,1,1,31,3,2,2,3,1,1,1
1,4,18,1,5,3548,5,2,1,4,1,2,3,25,3,2,1,3,1,1,1
0,1,48,2,3,12231,1,3,4,3,1,4,3,27,3,2,2,4,1,2,1
1,4,12,2,9,1393,2,3,1,3,1,2,2,34,3,3,1,3,1,1,1
1,4,15,4,3,1867,2,4,4,3,1,2,3,48,3,2,1,3,1,1,1
0,1,39,2,2,6310,1,3,4,2,1,3,2,30,3,2,1,3,1,1,1
1,1,12,4,2,2332,1,5,1,2,1,1,2,26,3,1,1,3,1,2,1
1,1,6,2,6,683,1,5,4,2,1,2,3,31,3,2,1,3,2,1,1
0,4,12,2,1,1718,5,5,3,3,1,1,1,35,3,1,1,3,1,1,1
1,4,18,2,4,9279,5,2,4,3,1,2,2,30,3,2,1,3,1,2,1
0,2,6,2,3,840,1,4,3,1,1,3,1,35,3,2,1,3,1,1,1
1,4,12,2,0,9335,2,3,3,3,1,4,3,64,3,3,1,4,1,1,1
1,1,12,2,9,2222,5,4,4,3,1,3,4,54,3,2,2,3,1,1,1
0,2,15,2,4,3513,5,2,1,2,1,2,1,24,3,2,1,3,2,2,1
0,4,48,2,0,17848,5,3,1,2,1,4,4,33,1,2,1,3,1,1,1
0,2,36,2,2,3424,3,3,2,2,1,4,4,41,3,3,1,3,1,1,1
1,4,18,3,0,1056,1,3,4,3,2,4,2,42,3,2,2,3,1,2,1
1,4,12,4,0,3104,1,3,1,2,1,2,1,34,3,1,1,3,1,2,1
0,2,15,2,6,1862,1,5,3,4,1,4,3,41,1,2,1,1,2,1,1
0,1,48,2,2,3555,1,3,4,3,1,2,3,31,3,2,1,3,2,1,1
0,2,24,4,6,3733,2,4,3,2,1,4,4,49,3,2,2,2,1,1,1
0,1,18,3,3,1362,1,3,2,2,1,2,2,31,3,2,2,3,1,1,1
1,4,12,2,6,1474,3,3,4,2,1,4,3,49,1,2,1,3,1,2,1
0,4,18,2,1,2815,3,4,4,1,1,4,4,45,3,2,2,3,1,2,1
1,2,18,4,1,1157,5,3,2,2,1,4,1,50,3,1,3,2,1,2,1
1,4,12,3,0,1922,1,4,4,2,1,4,2,43,3,2,1,3,1,2,1
1,4,6,4,4,936,1,5,2,3,1,2,1,61,3,2,1,3,1,1,2
1,2,24,4,9,2462,1,5,4,2,1,4,3,26,3,1,2,3,1,1,1
1,2,12,1,0,1052,1,3,4,2,1,2,3,36,3,2,1,3,1,1,1
1,4,21,2,3,6047,1,1,3,3,1,4,2,36,3,2,1,3,1,2,1
1,2,10,2,3,628,1,2,4,4,1,1,4,36,1,2,1,3,1,1,1
1,1,27,2,2,2659,1,3,4,3,1,3,3,27,1,2,1,3,1,2,1
1,4,36,2,1,2339,2,5,4,3,1,4,2,24,3,2,1,4,1,2,1
1,4,36,2,3,3621,1,3,2,4,1,3,3,23,3,2,1,3,1,2,1
1,2,12,2,0,1038,1,4,2,3,1,4,2,58,3,2,1,3,1,2,1
0,1,24,0,0,4155,5,2,1,2,1,2,3,35,1,2,2,3,1,1,1
0,2,12,0,3,708,5,2,3,4,1,4,1,44,3,2,1,2,1,1,1
1,4,36,4,3,3935,2,2,2,3,1,4,1,23,3,1,1,3,1,2,1
1,2,18,2,8,2027,1,4,2,3,1,4,4,21,3,2,1,3,1,1,1
0,1,30,2,3,1868,1,3,4,2,1,4,4,25,3,2,1,3,1,2,1
1,1,15,4,0,1017,1,3,4,3,1,3,1,47,3,2,1,3,1,2,1
0,4,10,4,2,1162,4,5,3,3,1,4,2,56,3,2,2,3,1,1,1
1,3,18,3,0,1086,2,3,4,2,1,4,4,42,3,2,1,3,2,2,1
1,4,12,2,6,1533,1,4,2,3,1,3,4,28,3,3,1,3,1,2,1
1,3,29,2,3,6497,1,5,4,3,1,4,3,52,3,2,1,3,1,1,1
1,1,9,2,3,1275,1,1,2,3,3,1,1,20,3,1,1,3,1,1,1
1,2,24,4,2,3398,2,2,4,3,1,2,2,24,1,1,2,3,1,2,1
0,4,12,4,9,976,2,4,4,4,1,2,3,28,3,2,3,3,1,1,1
1,1,24,2,0,3723,1,3,4,3,1,4,3,51,3,3,2,2,1,1,1
0,1,15,4,9,4307,1,5,3,3,1,2,3,24,3,2,1,3,1,1,1
1,2,48,3,3,2925,3,2,4,3,1,4,3,24,1,2,1,2,1,1,1
1,4,21,3,2,2133,1,4,4,2,2,4,2,34,3,3,2,3,1,1,1
1,2,36,1,6,4681,2,3,4,1,1,4,4,39,3,3,1,3,1,2,1
1,2,6,4,2,1049,5,5,3,3,1,4,4,33,3,2,2,3,1,2,1
1,4,24,3,9,10883,4,2,1,2,3,4,3,55,3,2,2,3,1,2,1
0,1,12,2,0,1909,1,4,2,3,1,4,3,25,2,2,2,3,2,1,1
1,2,48,0,1,2121,2,1,2,3,1,4,1,23,3,2,1,2,1,1,1
0,1,24,4,1,1927,1,5,4,3,1,4,3,29,3,2,3,3,1,2,1
1,4,15,2,3,1802,4,4,1,1,1,3,1,23,3,1,1,1,1,1,1
0,1,9,2,3,717,1,3,1,2,1,2,1,28,1,1,1,2,1,1,1
1,1,10,4,0,1981,5,3,2,4,1,4,1,28,2,2,2,3,1,2,2
1,1,12,4,2,1381,1,4,4,3,1,1,3,28,3,2,2,4,1,2,1
1,2,10,4,2,1986,1,3,2,3,1,2,1,33,3,2,1,3,1,2,1
1,4,36,2,0,2779,5,3,4,4,2,4,3,39,3,2,1,2,2,1,1
1,1,28,4,3,1393,1,3,4,3,3,2,2,30,3,1,1,4,1,1,1
0,1,39,2,3,3547,3,4,4,3,1,4,4,29,3,2,1,3,1,2,1
1,1,24,4,3,1527,1,5,3,2,1,4,3,32,3,2,1,3,1,1,1
1,1,48,4,1,1876,1,5,4,3,1,4,2,66,3,2,2,3,2,2,1
1,4,24,4,0,9281,1,4,2,2,1,4,2,34,3,2,2,3,1,2,1
1,4,18,2,6,1299,2,5,4,4,1,2,2,35,3,1,2,4,1,1,1
1,4,24,2,2,1479,5,4,4,3,1,4,3,36,3,2,2,3,1,2,1
1,4,12,2,0,2752,1,3,1,3,1,2,2,28,3,2,2,3,1,1,1
1,2,11,2,1,1413,1,4,4,3,1,2,3,68,3,2,2,3,1,2,1
1,4,24,2,6,1464,1,5,4,3,1,4,3,27,3,2,2,4,1,2,1
1,4,15,2,3,7975,5,4,1,2,1,2,2,36,3,2,1,3,1,2,1
1,1,18,2,1,1981,1,4,4,3,1,3,3,50,2,3,1,3,2,1,1
1,4,24,2,9,891,3,5,4,3,1,2,2,43,3,2,1,3,1,2,1
0,1,48,4,9,9316,1,3,4,3,1,1,4,74,1,2,1,4,1,2,1
1,2,18,3,6,1312,1,3,2,3,1,2,1,30,3,2,1,3,1,2,2
1,4,12,4,1,3885,3,2,1,3,1,2,2,24,3,1,1,3,1,2,1
1,1,12,2,0,3845,1,1,1,4,2,2,3,26,3,2,1,3,1,1,1
0,4,48,2,3,5801,1,5,4,3,1,2,2,27,3,2,2,3,1,1,1
1,1,15,2,3,473,1,3,4,3,1,1,1,24,3,2,1,2,1,1,1
1,4,24,3,0,4110,1,1,2,4,1,4,1,29,3,2,2,3,1,2,1
0,3,18,2,2,3362,1,5,2,2,1,4,2,33,3,2,2,2,1,1,1
1,4,24,2,2,6989,4,5,4,3,1,4,3,66,1,2,1,4,1,2,1
0,3,6,2,2,625,5,3,4,3,1,2,1,34,3,2,1,2,1,1,1
1,2,36,2,9,4280,1,5,3,4,1,4,2,54,3,3,2,2,1,1,1
0,3,24,2,2,1386,3,4,4,3,1,3,4,37,1,3,1,3,2,1,1
1,2,36,2,3,1854,2,5,4,3,1,3,3,54,2,3,1,3,2,2,1
1,1,10,2,1,1673,1,3,4,3,1,2,4,49,3,2,1,3,1,1,1
0,1,36,2,1,5294,5,3,4,2,1,2,3,32,1,2,2,3,2,1,1
0,1,16,2,10,1291,1,2,4,3,1,4,2,24,1,1,1,2,1,2,1
1,4,12,4,3,1473,3,5,4,2,1,4,2,30,3,2,2,3,1,2,1
0,1,12,2,3,3050,1,2,1,2,1,1,2,37,1,2,1,3,2,1,1
1,4,24,4,10,1506,3,5,4,3,1,2,2,63,3,2,1,3,1,2,1
1,2,60,3,9,2665,1,4,4,3,1,3,4,31,3,3,2,3,1,1,1
1,2,12,2,2,1927,3,4,4,2,1,4,3,36,3,2,1,3,1,1,1
1,4,24,4,0,9244,1,3,3,2,1,4,4,33,3,2,1,4,1,2,1
1,4,12,4,0,5200,1,3,2,3,1,1,1,42,3,2,1,3,1,1,1
1,4,24,2,3,2872,1,4,3,1,1,4,2,49,2,2,1,3,1,2,1
1,1,12,4,9,1935,1,5,4,2,1,3,3,55,2,2,3,4,1,2,1
1,1,42,2,3,2112,1,4,4,3,1,2,3,44,3,3,1,3,1,2,1
0,4,15,2,0,1554,4,2,4,2,1,2,4,40,3,2,1,3,1,1,1
1,2,9,4,3,1413,1,3,4,4,1,4,2,35,3,2,2,3,1,1,1
1,1,12,4,0,1360,1,3,1,3,1,2,1,47,3,1,2,2,1,2,2
1,1,12,1,3,2039,1,1,3,3,1,4,2,24,3,1,1,2,1,2,1
0,1,24,4,1,2253,2,2,3,2,1,3,2,27,3,2,2,3,1,1,1
0,2,21,2,6,1497,1,1,4,2,1,4,2,48,1,2,1,3,1,1,1
1,4,27,3,8,10883,1,4,3,4,1,2,3,34,1,2,1,3,1,2,1
1,4,36,2,4,1533,4,3,4,3,1,1,2,35,3,2,1,3,1,1,1
1,1,30,4,0,12437,5,3,2,3,1,3,3,37,3,3,2,3,1,2,1
0,2,30,2,3,1935,1,5,4,3,1,4,3,54,3,2,3,4,1,2,1
0,1,36,2,0,13880,1,3,1,3,1,1,4,40,1,2,2,3,1,1,1
1,2,9,2,5,1932,1,3,2,2,1,2,4,31,3,2,1,3,1,1,1
1,4,15,4,3,3777,1,4,3,3,1,2,1,24,3,1,3,4,1,1,1
0,1,18,2,0,2654,1,3,4,3,1,2,4,50,3,3,1,3,1,1,1
1,2,24,1,3,7351,1,3,2,3,1,1,3,25,3,2,1,4,1,1,1
1,2,15,2,5,2359,1,4,3,2,1,2,4,33,1,2,2,2,2,1,1
0,4,24,2,0,1739,1,5,4,2,1,4,3,26,3,2,1,3,1,1,1
1,4,36,2,9,6818,5,3,1,3,1,2,3,38,1,2,2,3,1,2,1
1,4,36,2,3,1493,5,5,4,3,1,4,4,37,2,3,1,3,2,1,1
1,1,24,1,0,3596,1,5,2,2,3,3,1,35,1,2,1,3,2,1,1
1,2,15,4,2,5315,5,4,4,3,1,4,3,33,3,2,1,3,1,1,1
0,4,36,2,8,5742,5,2,4,2,1,4,2,41,3,2,1,3,1,2,1
1,2,33,2,0,2343,2,2,4,1,1,2,1,39,3,1,1,3,1,2,1
0,1,15,2,0,684,1,3,4,3,1,2,1,23,1,1,2,1,2,1,1
0,4,27,0,2,4460,5,2,4,3,1,2,1,25,3,2,1,3,1,1,1
0,1,36,4,3,3104,1,3,3,3,1,2,3,34,3,2,2,3,1,1,1
1,4,15,4,3,934,1,4,2,2,1,4,1,36,3,2,3,3,1,1,1
0,1,24,2,3,1047,1,2,3,2,1,4,1,21,2,1,1,3,1,1,1
1,2,48,4,10,6403,1,5,2,2,1,4,4,51,3,2,2,4,1,2,1
0,1,12,2,6,899,1,2,3,2,1,2,3,25,3,2,1,2,1,1,1
0,1,6,2,2,801,1,2,1,3,1,2,1,23,3,2,1,2,1,1,1
1,4,41,4,3,4795,5,4,4,2,1,3,3,61,3,3,2,4,1,2,1
1,4,24,3,0,3655,5,2,4,1,1,4,3,30,3,2,1,3,1,1,1
1,4,30,0,3,7473,4,3,3,3,1,4,3,22,3,1,1,4,1,2,1
1,4,7,4,0,427,5,5,4,3,1,3,1,48,3,2,2,2,1,1,1
0,1,15,4,3,5508,1,2,4,3,1,4,4,33,3,2,2,2,1,1,1
1,4,12,2,6,1161,3,4,4,2,3,3,2,32,3,2,1,3,1,2,1
0,1,24,2,3,8330,1,2,2,2,1,4,1,34,3,2,1,3,1,1,1
0,2,36,2,3,4730,1,2,4,3,1,2,4,29,3,3,1,3,1,2,1
1,4,21,4,3,2759,1,5,2,3,1,2,4,29,3,2,1,3,1,2,1
0,2,42,1,3,3977,1,3,2,3,1,3,3,38,1,2,1,3,1,2,1
1,4,39,2,6,6409,4,4,4,3,1,2,2,40,3,1,1,3,1,2,1
1,4,16,4,3,2726,5,3,2,4,1,2,4,36,3,2,2,3,1,2,1
1,2,18,2,0,2551,1,3,4,3,1,4,2,33,3,2,2,2,1,1,1
0,2,24,2,6,4157,1,3,4,3,1,2,4,25,3,3,1,3,1,1,1
0,2,24,2,3,1934,1,3,1,2,1,2,2,24,3,2,2,2,1,2,1
1,4,24,3,0,4183,1,3,4,2,1,2,4,24,3,3,1,3,1,2,1
1,2,14,4,6,2770,2,5,4,3,1,4,3,64,3,2,1,4,2,2,1
1,4,6,4,0,1053,5,3,4,3,1,3,1,37,3,2,1,3,2,1,1
0,1,18,2,0,4243,4,5,4,2,3,4,3,24,3,2,1,3,1,1,1
1,1,18,2,6,1382,4,5,4,3,1,4,1,50,3,2,1,3,1,2,1
1,1,18,2,0,2576,2,5,4,3,1,4,3,26,3,2,1,3,1,2,1
0,1,9,1,0,1924,1,4,3,2,1,4,1,28,3,2,1,1,1,1,1
1,4,24,4,3,7906,1,2,2,3,1,2,2,23,1,2,2,4,1,2,1
1,1,12,0,3,555,1,3,4,3,1,2,1,27,1,2,1,3,2,2,1
1,4,48,2,3,8550,1,5,3,4,1,2,3,42,3,2,2,4,1,2,1
1,1,24,2,10,5328,1,2,2,3,1,2,3,36,3,2,1,3,1,2,1
1,2,12,4,5,1466,1,3,3,2,1,2,1,27,3,2,2,2,1,1,2
1,4,15,1,9,1538,1,5,3,3,1,4,2,27,3,2,2,3,1,1,1
0,1,24,2,3,3590,1,4,2,1,1,3,3,38,3,2,2,3,1,2,1
0,4,24,4,1,2322,5,5,4,3,2,4,1,40,3,1,2,2,1,2,1
1,2,12,4,6,1967,5,1,4,1,1,2,1,23,3,2,1,3,2,2,1
1,2,12,2,2,1289,1,3,3,3,1,1,1,43,3,2,1,2,1,1,1
1,1,27,2,2,7490,1,3,2,3,1,2,1,39,3,1,1,3,1,1,1
1,2,12,0,10,840,1,3,4,3,3,4,3,28,1,3,1,3,1,1,1
1,2,21,2,1,727,1,3,4,3,1,2,3,31,1,2,1,3,1,1,1
0,1,42,2,3,6614,1,2,2,2,1,1,3,21,3,1,1,3,1,1,1
1,1,12,2,1,793,2,4,4,1,1,4,3,25,3,2,2,2,2,1,1
1,1,30,4,0,5818,1,4,4,3,1,4,3,47,3,2,2,4,1,2,1
0,3,48,0,9,3225,1,4,4,2,1,4,3,25,3,2,1,4,1,2,1
1,2,42,2,0,6083,4,5,2,3,1,1,1,25,3,2,1,2,1,1,1
1,2,18,2,6,1330,5,2,4,3,1,2,3,23,3,2,2,3,1,2,1
1,2,36,2,9,3016,1,5,4,3,1,4,2,36,3,2,2,3,1,1,1
1,4,20,2,0,2179,1,3,4,2,1,1,2,32,3,2,1,2,1,1,1
1,4,12,2,2,3966,5,1,4,2,1,2,2,23,3,1,1,3,1,1,1
1,2,10,4,2,743,1,5,4,3,1,1,2,35,3,2,2,3,1,1,1
0,2,24,4,8,3905,5,5,1,1,1,4,4,60,2,2,2,3,1,1,1
1,4,24,4,3,1498,2,4,4,3,1,2,2,35,3,2,2,2,1,1,1
1,4,18,4,3,3186,1,5,1,3,1,4,3,39,1,2,1,2,1,1,1
0,2,15,2,2,2776,1,3,1,2,1,2,3,34,1,2,1,2,2,1,1
0,4,12,4,3,2642,2,5,2,3,1,4,3,50,1,2,2,4,2,2,1
1,4,18,4,0,3373,1,5,2,2,1,2,3,34,3,2,1,2,1,1,1
1,4,36,2,3,6147,1,5,4,2,1,2,2,35,3,2,1,3,1,1,1
1,4,6,4,5,1286,1,5,4,3,1,2,4,60,3,2,2,3,2,2,1
1,1,48,4,3,8472,1,3,2,2,1,3,1,33,3,2,1,2,1,1,1
1,1,24,4,0,1905,3,3,4,2,1,4,4,31,3,2,1,3,1,1,1
0,2,12,2,0,2237,5,3,4,3,1,4,2,23,3,2,1,3,1,1,1
1,2,24,2,1,1837,1,4,4,1,1,3,4,35,3,3,2,3,2,2,1
1,1,24,4,3,3193,1,4,1,3,1,4,2,74,3,2,3,3,2,2,1
1,1,12,1,2,2895,1,3,3,2,3,2,3,74,3,3,1,4,1,2,1
0,2,30,2,0,7809,1,3,1,3,1,4,4,27,3,2,1,4,1,2,1
1,1,18,2,3,1309,1,5,4,1,1,4,4,54,3,3,1,4,1,1,1
0,2,12,2,1,1488,1,3,4,3,1,3,3,26,3,2,2,3,1,1,1
1,4,12,2,3,3388,1,2,2,2,1,2,3,24,3,2,1,4,1,1,1
1,2,36,2,1,1154,1,3,4,3,1,3,3,29,3,2,1,3,1,1,1
0,4,15,4,0,2828,2,3,3,2,1,4,3,28,3,2,1,3,1,1,1
1,4,6,4,3,1101,1,2,2,3,1,2,1,37,1,1,2,3,2,1,1
1,3,6,4,0,1924,1,3,2,4,1,2,2,57,3,2,1,3,1,1,1
1,2,48,1,9,8891,5,3,1,2,3,4,3,21,3,2,1,2,1,2,1
1,1,24,1,9,1560,1,5,2,3,3,4,4,23,1,2,1,3,1,1,1
0,4,21,2,6,1812,2,2,2,3,1,3,1,52,1,1,2,3,1,1,1
1,4,12,4,3,1296,1,5,3,4,1,2,1,35,3,2,2,2,1,2,1
1,1,15,2,1,4288,1,5,2,3,1,4,4,69,3,3,1,4,2,2,1
0,1,60,0,3,11563,1,3,4,3,1,4,4,27,3,3,1,3,1,1,1
1,1,18,2,1,6071,1,3,4,3,3,4,1,35,3,2,1,4,1,2,1
1,1,30,3,1,3391,1,5,3,3,1,4,4,55,3,2,1,3,1,2,1
1,4,6,4,3,1003,1,3,2,2,1,4,2,54,3,2,1,2,1,2,2
1,2,12,0,3,1927,5,2,2,4,1,4,1,25,3,2,1,3,1,2,2
1,4,18,4,1,2559,1,5,4,3,1,2,2,64,1,2,2,4,1,2,2
0,4,30,1,3,3959,1,5,4,2,1,4,3,27,3,2,1,3,2,1,1
1,4,18,2,9,3577,5,3,4,2,3,2,2,40,3,2,1,3,1,2,1
1,2,20,2,0,2210,4,2,4,3,1,2,2,21,3,2,1,3,1,1,1
1,1,10,2,0,1410,1,3,4,3,1,4,3,46,3,2,1,4,1,2,1
1,4,36,2,0,1347,2,4,3,3,1,2,1,28,3,2,1,3,1,1,1
1,2,12,2,3,1617,1,2,4,3,1,4,2,23,1,2,2,3,1,1,1
0,4,18,2,2,2482,1,1,2,2,1,4,2,37,3,2,2,3,1,2,1
0,4,30,4,0,3108,1,5,4,3,1,4,3,33,3,2,2,2,1,1,1
1,2,15,4,0,2053,1,3,4,2,1,2,3,35,3,2,1,3,1,1,1
1,2,24,2,3,1478,1,1,1,4,1,2,2,22,3,2,1,2,2,1,1
1,4,7,2,3,2675,1,1,1,3,1,2,1,45,3,1,2,3,1,2,2
0,4,36,0,2,4248,1,4,3,3,1,3,1,21,3,2,2,3,1,2,1
0,3,9,2,0,2751,1,2,3,2,1,2,1,32,3,2,2,3,2,1,1
1,4,36,4,9,1726,1,5,4,2,1,4,1,32,3,2,1,3,1,2,1
1,3,12,2,3,3812,2,3,2,2,1,2,2,26,3,2,1,2,1,1,1
1,2,12,2,0,1074,2,3,4,2,3,2,1,35,3,2,1,2,2,2,1
1,1,48,2,2,7836,5,3,2,3,1,2,3,32,3,2,1,2,1,2,1
1,4,12,2,0,5845,1,3,2,2,1,2,1,22,3,1,2,3,1,1,1
1,4,24,2,2,2602,2,5,2,3,1,4,2,46,3,2,2,3,2,2,1
1,1,39,2,6,2100,1,2,4,2,1,3,4,37,3,3,2,4,1,2,1
0,2,30,4,3,6991,1,2,4,1,1,3,4,49,3,2,2,4,1,2,1
0,2,24,2,9,1766,2,3,4,3,1,4,2,36,1,2,2,3,1,1,1
1,1,12,2,6,2302,1,3,4,3,2,2,1,22,3,1,3,2,1,1,1
1,2,27,4,0,4435,4,5,4,2,1,4,3,36,3,2,1,4,1,1,1
1,1,9,2,0,1237,1,2,2,3,1,2,3,24,3,2,1,2,1,1,1
1,1,12,2,3,1379,1,1,4,2,3,4,3,35,3,2,1,3,1,1,1
0,1,21,0,6,2071,3,2,3,2,1,1,3,39,3,2,1,3,1,2,1
1,4,24,2,2,4528,3,3,4,4,3,3,1,28,3,1,1,3,1,1,1
1,4,9,4,10,750,3,5,4,3,1,4,2,46,3,2,4,4,1,2,1
1,2,6,2,1,1275,1,2,1,3,1,2,1,32,1,2,1,2,1,2,1
1,2,12,2,9,2238,1,5,3,3,1,1,2,49,3,2,1,4,1,1,1
1,2,12,4,2,2201,1,3,2,2,1,4,3,32,3,2,2,3,1,1,1
1,2,12,2,3,4697,1,2,1,3,3,4,1,56,1,2,3,3,2,2,1
1,2,30,0,6,6305,1,5,2,3,1,4,3,30,3,2,1,3,1,2,1
0,1,18,2,0,3977,3,2,1,3,1,3,3,23,1,2,1,2,1,1,1
1,2,6,3,9,338,1,2,3,3,1,2,1,27,3,1,1,1,1,1,1
0,4,12,4,9,2097,1,5,3,2,1,2,4,23,3,2,2,3,2,2,1
1,2,36,4,3,6288,1,3,2,3,3,2,1,36,3,2,2,2,1,1,1
1,1,6,2,1,272,1,2,4,3,1,4,1,36,3,1,2,3,1,1,1
1,4,18,4,2,1425,1,5,4,2,1,4,3,52,3,3,1,2,1,1,1
1,2,36,4,3,3757,1,5,4,2,1,1,2,40,3,2,1,2,1,1,1
0,4,18,2,0,9057,1,3,1,2,1,2,4,42,3,2,1,3,1,2,1
1,4,36,4,3,7756,2,2,2,3,1,2,2,25,3,2,1,3,1,1,1
1,2,10,2,1,1925,1,3,4,3,3,4,4,48,1,2,1,3,2,2,1
1,4,15,4,2,4118,1,5,4,2,1,1,2,32,3,2,2,3,1,1,1
1,4,24,4,3,4307,1,5,4,3,1,4,4,45,2,2,2,2,1,2,1
1,4,42,2,1,14706,1,5,1,3,1,1,3,30,3,1,1,3,1,2,1
0,2,48,2,9,8126,5,4,3,2,1,4,3,49,3,2,1,4,1,2,1
